":ID","id","name","fullName","scheme","firstReleaseYear:int","governanceStatement","statusStatement","description","sourceJurisdictionLabel","assertedBy","authoritativeSource","sourceVersion","mappingStatus","judgementReason","whyAStandard","isNiche:boolean","evidenceStatus",":LABEL","regulatoryRequirementReference"
"standard-section:definition","definition","Definition — how data is described","","standard-categories","","","","","","","","","","","","","DIRECT_OBSERVATION","Concept;StandardCategory",""
"standard-section:storage","storage","Storage — where data lives","","standard-categories","","","","","","","","","","","","","DIRECT_OBSERVATION","Concept;StandardCategory",""
"standard-section:movement","movement","Movement — how data flows between systems","","standard-categories","","","","","","","","","","","","","DIRECT_OBSERVATION","Concept;StandardCategory",""
"standard-section:transformation","transformation","Transformation — how data is processed and reshaped","","standard-categories","","","","","","","","","","","","","DIRECT_OBSERVATION","Concept;StandardCategory",""
"standard-section:discovery","discovery","Discovery — how data is found and traced","","standard-categories","","","","","","","","","","","","","DIRECT_OBSERVATION","Concept;StandardCategory",""
"standard-section:operations","operations","Operations — how data is queried, observed, governed","","standard-categories","","","","","","","","","","","","","DIRECT_OBSERVATION","Concept;StandardCategory",""
"standard-category:ai-interfaces","ai-interfaces","AI Interfaces","","standard-categories","","","","","","","","","","","","","DIRECT_OBSERVATION","Concept;StandardCategory",""
"standard-category:catalog-apis","catalog-apis","Catalog APIs","","standard-categories","","","","","","","","","","","","","DIRECT_OBSERVATION","Concept;StandardCategory",""
"standard-category:contracts","contracts","Contracts","","standard-categories","","","","","","","","","","","","","DIRECT_OBSERVATION","Concept;StandardCategory",""
"standard-category:data-products","data-products","Data Products","","standard-categories","","","","","","","","","","","","","DIRECT_OBSERVATION","Concept;StandardCategory",""
"standard-category:data-quality","data-quality","Data Quality","","standard-categories","","","","","","","","","","","","","DIRECT_OBSERVATION","Concept;StandardCategory",""
"standard-category:database-connectivity","database-connectivity","Database Connectivity","","standard-categories","","","","","","","","","","","","","DIRECT_OBSERVATION","Concept;StandardCategory",""
"standard-category:file-formats","file-formats","File Formats","","standard-categories","","","","","","","","","","","","","DIRECT_OBSERVATION","Concept;StandardCategory",""
"standard-category:in-memory-format","in-memory-format","In-Memory Format","","standard-categories","","","","","","","","","","","","","DIRECT_OBSERVATION","Concept;StandardCategory",""
"standard-category:interconnection","interconnection","Interconnection","","standard-categories","","","","","","","","","","","","","DIRECT_OBSERVATION","Concept;StandardCategory",""
"standard-category:lineage","lineage","Lineage","","standard-categories","","","","","","","","","","","","","DIRECT_OBSERVATION","Concept;StandardCategory",""
"standard-category:messaging","messaging","Messaging","","standard-categories","","","","","","","","","","","","","DIRECT_OBSERVATION","Concept;StandardCategory",""
"standard-category:observability","observability","Observability","","standard-categories","","","","","","","","","","","","","DIRECT_OBSERVATION","Concept;StandardCategory",""
"standard-category:open-table-formats","open-table-formats","Open Table Formats","","standard-categories","","","","","","","","","","","","","DIRECT_OBSERVATION","Concept;StandardCategory",""
"standard-category:policies","policies","Policies","","standard-categories","","","","","","","","","","","","","DIRECT_OBSERVATION","Concept;StandardCategory",""
"standard-category:processing","processing","Processing","","standard-categories","","","","","","","","","","","","","DIRECT_OBSERVATION","Concept;StandardCategory",""
"standard-category:query","query","Query","","standard-categories","","","","","","","","","","","","","DIRECT_OBSERVATION","Concept;StandardCategory",""
"standard-category:schema","schema","Schema","","standard-categories","","","","","","","","","","","","","DIRECT_OBSERVATION","Concept;StandardCategory",""
"standard-category:semantics","semantics","Semantics","","standard-categories","","","","","","","","","","","","","DIRECT_OBSERVATION","Concept;StandardCategory",""
"standard-category:storage-systems","storage-systems","Storage Systems","","standard-categories","","","","","","","","","","","","","DIRECT_OBSERVATION","Concept;StandardCategory",""
"regulation-section:law","law","Regulation — what the law requires","","regulation-categories","","","","","","","","","","","","","DIRECT_OBSERVATION","Concept;RegulationCategory",""
"regulation-section:governance","governance","Governance & Management — how data is governed","","regulation-categories","","","","","","","","","","","","","DIRECT_OBSERVATION","Concept;RegulationCategory",""
"regulation-section:security","security","Security & Risk — how data is protected","","regulation-categories","","","","","","","","","","","","","DIRECT_OBSERVATION","Concept;RegulationCategory",""
"regulation-section:identity","identity","Identity & Agents — who is acting, and on whose behalf","","regulation-categories","","","","","","","","","","","","","DIRECT_OBSERVATION","Concept;RegulationCategory",""
"regulation-section:ai","ai","AI & Applications — how systems built on data are held accountable","","regulation-categories","","","","","","","","","","","","","DIRECT_OBSERVATION","Concept;RegulationCategory",""
"regulation-section:assurance","assurance","Assurance & Exchange — how compliance is evidenced and data is shared","","regulation-categories","","","","","","","","","","","","","DIRECT_OBSERVATION","Concept;RegulationCategory",""
"regulation-category:eu-data-and-ai-acts","eu-data-and-ai-acts","EU Data & AI Acts","","regulation-categories","","","","","","","","","","","","","DIRECT_OBSERVATION","Concept;RegulationCategory",""
"regulation-category:eu-resilience-and-security-acts","eu-resilience-and-security-acts","EU Resilience & Security Acts","","regulation-categories","","","","","","","","","","","","","DIRECT_OBSERVATION","Concept;RegulationCategory",""
"regulation-category:global-and-sector-regulation","global-and-sector-regulation","Global & Sector Regulation","","regulation-categories","","","","","","","","","","","","","DIRECT_OBSERVATION","Concept;RegulationCategory",""
"regulation-category:data-management-frameworks","data-management-frameworks","Data Management Frameworks","","regulation-categories","","","","","","","","","","","","","DIRECT_OBSERVATION","Concept;RegulationCategory",""
"regulation-category:metadata-and-quality","metadata-and-quality","Metadata & Quality","","regulation-categories","","","","","","","","","","","","","DIRECT_OBSERVATION","Concept;RegulationCategory",""
"regulation-category:usage-policy-and-rights","usage-policy-and-rights","Usage Policy & Rights","","regulation-categories","","","","","","","","","","","","","DIRECT_OBSERVATION","Concept;RegulationCategory",""
"regulation-category:management-systems","management-systems","Management Systems","","regulation-categories","","","","","","","","","","","","","DIRECT_OBSERVATION","Concept;RegulationCategory",""
"regulation-category:security-controls","security-controls","Security Controls","","regulation-categories","","","","","","","","","","","","","DIRECT_OBSERVATION","Concept;RegulationCategory",""
"regulation-category:privacy","privacy","Privacy","","regulation-categories","","","","","","","","","","","","","DIRECT_OBSERVATION","Concept;RegulationCategory",""
"regulation-category:threat-intelligence","threat-intelligence","Threat Intelligence","","regulation-categories","","","","","","","","","","","","","DIRECT_OBSERVATION","Concept;RegulationCategory",""
"regulation-category:identity-and-access","identity-and-access","Identity & Access","","regulation-categories","","","","","","","","","","","","","DIRECT_OBSERVATION","Concept;RegulationCategory",""
"regulation-category:agent-identity-and-trust","agent-identity-and-trust","Agent Identity & Trust","","regulation-categories","","","","","","","","","","","","","DIRECT_OBSERVATION","Concept;RegulationCategory",""
"regulation-category:agent-interaction","agent-interaction","Agent Interaction","","regulation-categories","","","","","","","","","","","","","DIRECT_OBSERVATION","Concept;RegulationCategory",""
"regulation-category:ai-governance","ai-governance","AI Governance","","regulation-categories","","","","","","","","","","","","","DIRECT_OBSERVATION","Concept;RegulationCategory",""
"regulation-category:application-and-api-security","application-and-api-security","Application & API Security","","regulation-categories","","","","","","","","","","","","","DIRECT_OBSERVATION","Concept;RegulationCategory",""
"regulation-category:cloud-and-certification","cloud-and-certification","Cloud & Certification","","regulation-categories","","","","","","","","","","","","","DIRECT_OBSERVATION","Concept;RegulationCategory",""
"regulation-category:audit-and-attestation","audit-and-attestation","Audit & Attestation","","regulation-categories","","","","","","","","","","","","","DIRECT_OBSERVATION","Concept;RegulationCategory",""
"regulation-category:software-supply-chain","software-supply-chain","Software Supply Chain","","regulation-categories","","","","","","","","","","","","","DIRECT_OBSERVATION","Concept;RegulationCategory",""
"regulation-category:data-spaces-and-sovereignty","data-spaces-and-sovereignty","Data Spaces & Sovereignty","","regulation-categories","","","","","","","","","","","","","DIRECT_OBSERVATION","Concept;RegulationCategory",""
"judgement:adopt","adopt","Adopt","","judgements","","","","","","","","","","","","","DIRECT_OBSERVATION","Concept;Judgement",""
"judgement:situational","situational","Situational","","judgements","","","","","","","","","","","","","DIRECT_OBSERVATION","Concept;Judgement",""
"judgement:assess","assess","Assess","","judgements","","","","","","","","","","","","","DIRECT_OBSERVATION","Concept;Judgement",""
"judgement:caution","caution","Caution","","judgements","","","","","","","","","","","","","DIRECT_OBSERVATION","Concept;Judgement",""
"tier:stable","stable","Stable","","tiers","","","","","","","","","","","","","DIRECT_OBSERVATION","Concept;Tier",""
"tier:emerging","emerging","Emerging","","tiers","","","","","","","","","","","","","DIRECT_OBSERVATION","Concept;Tier",""
"tier:vendor","vendor","Vendor","","tiers","","","","","","","","","","","","","DIRECT_OBSERVATION","Concept;Tier",""
"tier:legacy","legacy","Legacy","","tiers","","","","","","","","","","","","","DIRECT_OBSERVATION","Concept;Tier",""
"tier:niche","niche","Niche","","tiers","","","","","","","","","","","","","DIRECT_OBSERVATION","Concept;Tier",""
"governance:law","law","Law or regulation","","governance-types","","","","","","","","","","","","","DIRECT_OBSERVATION","Concept;GovernanceType",""
"governance:formal-standard","formal-standard","Formal standard","","governance-types","","","","","","","","","","","","","DIRECT_OBSERVATION","Concept;GovernanceType",""
"governance:foundation","foundation","Foundation","","governance-types","","","","","","","","","","","","","DIRECT_OBSERVATION","Concept;GovernanceType",""
"governance:community","community","Community","","governance-types","","","","","","","","","","","","","DIRECT_OBSERVATION","Concept;GovernanceType",""
"governance:vendor-led","vendor-led","Vendor led","","governance-types","","","","","","","","","","","","","DIRECT_OBSERVATION","Concept;GovernanceType",""
"jurisdiction:eu","eu","European Union","","jurisdictions","","","","","","","","","","","","","NORMALISED_FROM_SOURCE","Concept;Jurisdiction",""
"jurisdiction:germany","germany","Germany","","jurisdictions","","","","","","","","","","","","","NORMALISED_FROM_SOURCE","Concept;Jurisdiction",""
"jurisdiction:global","global","Global","","jurisdictions","","","","","","","","","","","","","NORMALISED_FROM_SOURCE","Concept;Jurisdiction",""
"jurisdiction:us","us","United States","","jurisdictions","","","","","","","","","","","","","NORMALISED_FROM_SOURCE","Concept;Jurisdiction",""
"mapping-relation:maps-to","maps-to","Maps to","","mapping-relations","","","","","","","","","","","","","MODELLED_VOCABULARY","Concept;MappingRelation",""
"mapping-relation:supports-evidence-for","supports-evidence-for","Supports evidence for","","mapping-relations","","","","","","","","","","","","","MODELLED_VOCABULARY","Concept;MappingRelation",""
"mapping-relation:equivalent","equivalent","Equivalent","","mapping-relations","","","","","","","","","","","","","MODELLED_VOCABULARY","Concept;MappingRelation",""
"mapping-relation:partially-equivalent","partially-equivalent","Partially equivalent","","mapping-relations","","","","","","","","","","","","","MODELLED_VOCABULARY","Concept;MappingRelation",""
"mapping-relation:related","related","Related","","mapping-relations","","","","","","","","","","","","","MODELLED_VOCABULARY","Concept;MappingRelation",""
"mapping-relation:supports-implementation","supports-implementation","Supports implementation","","mapping-relations","","","","","","","","","","","","","MODELLED_VOCABULARY","Concept;MappingRelation",""
"mapping-relation:no-coverage","no-coverage","No coverage","","mapping-relations","","","","","","","","","","","","","MODELLED_VOCABULARY","Concept;MappingRelation",""
"mapping-relation:not-assessed","not-assessed","Not assessed","","mapping-relations","","","","","","","","","","","","","MODELLED_VOCABULARY","Concept;MappingRelation",""
"mapping-authority:regulator-issued","regulator-issued","Regulator issued","","mapping-authority-types","","","","","","","","","","","","","MODELLED_VOCABULARY","Concept;MappingAuthorityType",""
"mapping-authority:standards-body-issued","standards-body-issued","Standards body issued","","mapping-authority-types","","","","","","","","","","","","","MODELLED_VOCABULARY","Concept;MappingAuthorityType",""
"mapping-authority:source-author","source-author","Source author","","mapping-authority-types","","","","","","","","","","","","","MODELLED_VOCABULARY","Concept;MappingAuthorityType",""
"mapping-authority:target-author","target-author","Target author","","mapping-authority-types","","","","","","","","","","","","","MODELLED_VOCABULARY","Concept;MappingAuthorityType",""
"mapping-authority:bilateral","bilateral","Bilateral","","mapping-authority-types","","","","","","","","","","","","","MODELLED_VOCABULARY","Concept;MappingAuthorityType",""
"mapping-authority:third-party-official","third-party-official","Third-party official","","mapping-authority-types","","","","","","","","","","","","","MODELLED_VOCABULARY","Concept;MappingAuthorityType",""
"mapping-authority:community-submitted","community-submitted","Community submitted","","mapping-authority-types","","","","","","","","","","","","","MODELLED_VOCABULARY","Concept;MappingAuthorityType",""
"pattern-type:batch-file-ingestion","batch-file-ingestion","Batch file ingestion","","","","","","","","","","","","","","","MODELLED_VOCABULARY","DataIngestionPatternType",""
"pattern-type:api-pull-ingestion","api-pull-ingestion","API pull ingestion","","","","","","","","","","","","","","","MODELLED_VOCABULARY","DataIngestionPatternType",""
"pattern-type:event-driven-ingestion","event-driven-ingestion","Event-driven ingestion","","","","","","","","","","","","","","","MODELLED_VOCABULARY","DataIngestionPatternType",""
"pattern-type:database-cdc-ingestion","database-cdc-ingestion","Database CDC ingestion","","","","","","","","","","","","","","","MODELLED_VOCABULARY","DataIngestionPatternType",""
"pattern-type:object-store-replication","object-store-replication","Object-store replication","","","","","","","","","","","","","","","MODELLED_VOCABULARY","DataIngestionPatternType",""
"pattern-type:table-format-streaming","table-format-streaming","Table-format streaming","","","","","","","","","","","","","","","MODELLED_VOCABULARY","DataIngestionPatternType",""
"module-type:define","define","Define module","","","","","","","","","","","","","","","MODELLED_VOCABULARY","DataPipelineModuleType",""
"module-type:trigger","trigger","Trigger module","","","","","","","","","","","","","","","MODELLED_VOCABULARY","DataPipelineModuleType",""
"module-type:orchestrate","orchestrate","Orchestrate module","","","","","","","","","","","","","","","MODELLED_VOCABULARY","DataPipelineModuleType",""
"module-type:govern","govern","Govern module","","","","","","","","","","","","","","","MODELLED_VOCABULARY","DataPipelineModuleType",""
"module-type:store","store","Store module","","","","","","","","","","","","","","","MODELLED_VOCABULARY","DataPipelineModuleType",""
"component-type:data-product-definition","data-product-definition","Data product definition","","","","","","","","","","","","","","","MODELLED_VOCABULARY","DataPipelineComponentType",""
"component-type:data-contract-definition","data-contract-definition","Data contract definition","","","","","","","","","","","","","","","MODELLED_VOCABULARY","DataPipelineComponentType",""
"component-type:semantic-description","semantic-description","Semantic description","","","","","","","","","","","","","","","MODELLED_VOCABULARY","DataPipelineComponentType",""
"component-type:trigger-invocation","trigger-invocation","Trigger invocation","","","","","","","","","","","","","","","MODELLED_VOCABULARY","DataPipelineComponentType",""
"component-type:workload-planning","workload-planning","Workload planning","","","","","","","","","","","","","","","MODELLED_VOCABULARY","DataPipelineComponentType",""
"component-type:secure-read-access","secure-read-access","Secure read access","","","","","","","","","","","","","","","MODELLED_VOCABULARY","DataPipelineComponentType",""
"component-type:source-connectivity","source-connectivity","Source connectivity","","","","","","","","","","","","","","","MODELLED_VOCABULARY","DataPipelineComponentType",""
"component-type:workload-execution-orchestration","workload-execution-orchestration","Workload execution/orchestration","","","","","","","","","","","","","","","MODELLED_VOCABULARY","DataPipelineComponentType",""
"component-type:state-and-idempotency","state-and-idempotency","State and idempotency","","","","","","","","","","","","","","","MODELLED_VOCABULARY","DataPipelineComponentType",""
"component-type:validation-and-contract-binding","validation-and-contract-binding","Validation and contract binding","","","","","","","","","","","","","","","MODELLED_VOCABULARY","DataPipelineComponentType",""
"component-type:failure-isolation","failure-isolation","Failure isolation","","","","","","","","","","","","","","","MODELLED_VOCABULARY","DataPipelineComponentType",""
"component-type:secure-write-access","secure-write-access","Secure write access","","","","","","","","","","","","","","","MODELLED_VOCABULARY","DataPipelineComponentType",""
"component-type:metadata-registration","metadata-registration","Metadata registration","","","","","","","","","","","","","","","MODELLED_VOCABULARY","DataPipelineComponentType",""
"component-type:store-write-data-product","store-write-data-product","Store/write data product","","","","","","","","","","","","","","","MODELLED_VOCABULARY","DataPipelineComponentType",""
"standard:sql","sql","SQL","Structured Query Language","","1986","ANSI / ISO/IEC 9075","Stable since 1986; revised regularly (latest SQL:2023)","","","","","","","","","false","DIRECT_OBSERVATION","LandscapeEntry;DataStandardLandscapeEntry",""
"assessment:sql","assessment-sql","SQL landscape assessment","","","","","","","","","","","","The universal data query language; not a decision.","","","DIRECT_OBSERVATION","LandscapeAssessment",""
"standard:mdx","mdx","MDX","Multidimensional Expressions","","1997","Originally Microsoft (1997); referenced by the XMLA specification","Legacy; ubiquitous in OLAP/cube tooling, no significant new adoption","","","","","","","","","false","DIRECT_OBSERVATION","LandscapeEntry;DataStandardLandscapeEntry",""
"assessment:mdx","assessment-mdx","MDX landscape assessment","","","","","","","","","","","","Multidimensional query language; surviving only in MS Analysis Services.","","","DIRECT_OBSERVATION","LandscapeAssessment",""
"standard:substrait","substrait","Substrait","Substrait","","2021","Substrait Project (independent; ASF-inspired PMC)","Stable; growing adoption across query engines","","","","","","","","Substrait is published as an open specification with protobuf-defined plan types, governed by an independent, ASF-inspired PMC. Multiple independent engines consume and produce Substrait plans, which is exactly the cross-vendor interchange contract that makes it a standard rather than a project.","true","DIRECT_OBSERVATION","LandscapeEntry;DataStandardLandscapeEntry",""
"assessment:substrait","assessment-substrait","Substrait landscape assessment","","","","","","","","","","","","Cross-engine query-plan IR — pick when you're building or integrating engines that need a portable plan format; end users rarely touch it.","","","DIRECT_OBSERVATION","LandscapeAssessment",""
"standard:opentelemetry","opentelemetry","OpenTelemetry","OpenTelemetry","","2019","CNCF (Cloud Native Computing Foundation), Linux Foundation","Stable; widely adopted across cloud-native stacks","","","","","","","","","false","DIRECT_OBSERVATION","LandscapeEntry;DataStandardLandscapeEntry",""
"assessment:opentelemetry","assessment-opentelemetry","OpenTelemetry landscape assessment","","","","","","","","","","","","Vendor-neutral observability standard.","","","DIRECT_OBSERVATION","LandscapeAssessment",""
"standard:oors","oors","OORS","Open Observability Results Standard","","2025","BITOL / Linux Foundation (draft)","Emerging — auxiliary BITOL standard, not yet released","","","","","","","","","false","DIRECT_OBSERVATION","LandscapeEntry;DataStandardLandscapeEntry",""
"assessment:oors","assessment-oors","OORS landscape assessment","","","","","","","","","","","","BITOL observability/quality-result standard; new and under-adopted.","","","DIRECT_OBSERVATION","LandscapeAssessment",""
"standard:odcs","odcs","ODCS","Open Data Contract Standard","","2023","BITOL / Linux Foundation","v3.1 stable; v3.2 in progress","","","","","","","","","false","DIRECT_OBSERVATION","LandscapeEntry;DataStandardLandscapeEntry",""
"assessment:odcs","assessment-odcs","ODCS landscape assessment","","","","","","","","","","","","Winning data-contract spec; YAML, multi-vendor.","","","DIRECT_OBSERVATION","LandscapeAssessment",""
"standard:openapi","openapi","OpenAPI","OpenAPI Specification","","2011","OpenAPI Initiative, Linux Foundation","Stable; OAS 3.1 current","","","","","","","","","false","DIRECT_OBSERVATION","LandscapeEntry;DataStandardLandscapeEntry",""
"assessment:openapi","assessment-openapi","OpenAPI landscape assessment","","","","","","","","","","","","De-facto REST description with tooling for almost every language.","","","DIRECT_OBSERVATION","LandscapeAssessment",""
"standard:asyncapi","asyncapi","AsyncAPI","AsyncAPI Specification","","2017","AsyncAPI Initiative, Linux Foundation","Stable; v3 current","","","","","","","","","false","DIRECT_OBSERVATION","LandscapeEntry;DataStandardLandscapeEntry",""
"assessment:asyncapi","assessment-asyncapi","AsyncAPI landscape assessment","","","","","","","","","","","","The OpenAPI-equivalent for event APIs once you commit to documenting them.","","","DIRECT_OBSERVATION","LandscapeAssessment",""
"standard:graphql","graphql","GraphQL","GraphQL","","2015","GraphQL Foundation, Linux Foundation","Stable; widely adopted","","","","","","","","","false","DIRECT_OBSERVATION","LandscapeEntry;DataStandardLandscapeEntry",""
"assessment:graphql","assessment-graphql","GraphQL landscape assessment","","","","","","","","","","","","Default for client-driven aggregation; mature spec, multi-language tooling, well-established at scale.","","","DIRECT_OBSERVATION","LandscapeAssessment",""
"standard:grpc","grpc","gRPC","gRPC Remote Procedure Call","","2015","CNCF (Incubating), Linux Foundation","Stable; ubiquitous in cloud-native stacks","","","","","","","","","false","DIRECT_OBSERVATION","LandscapeEntry;DataStandardLandscapeEntry",""
"assessment:grpc","assessment-grpc","gRPC landscape assessment","","","","","","","","","","","","Right for service-to-service binary RPC; wrong for browser clients.","","","DIRECT_OBSERVATION","LandscapeAssessment",""
"standard:dbt","dbt","dbt","data build tool","","2016","dbt Labs (vendor-driven open source)","De-facto standard for analytics engineering; vendor-governed format","","","","","","","","The dbt project artefacts — the manifest.json, the model YAML, the schema.yml tests — have become the interchange format for analytics engineering. SQLMesh, Lightdash, Elementary, dbt-osmosis and many other tools read or emit dbt's project structure rather than inventing their own. Quality checks declared in dbt are part of that surface. That makes the format itself the standard, even though dbt Labs governs it.","false","DIRECT_OBSERVATION","LandscapeEntry;DataStandardLandscapeEntry",""
"assessment:dbt","assessment-dbt","dbt landscape assessment","","","","","","","","","","","","Analytics-engineering default: SQL-first models, tests, lineage.","","","DIRECT_OBSERVATION","LandscapeAssessment",""
"standard:great-expectations","great-expectations","Great Expectations","Great Expectations","","2018","GX Labs (vendor-driven open source)","Widely adopted; vendor-driven","","","","","","","","The expectations DSL and the JSON validation-result schema GX defines have become the reference vocabulary for declarative data quality in Python. Other tools embed or interoperate with Great Expectations rather than reinvent the same primitives. The standard part is the expectation language and its result format — not the company behind it.","false","DIRECT_OBSERVATION","LandscapeEntry;DataStandardLandscapeEntry",""
"assessment:great-expectations","assessment-great-expectations","Great Expectations landscape assessment","","","","","","","","","","","","Python-first DQ; powerful but heavy.","","","DIRECT_OBSERVATION","LandscapeAssessment",""
"standard:dbt-tests","dbt-tests","dbt tests","dbt schema and data tests","","2016","dbt Labs (vendor-driven open source)","De-facto for analytics teams already on dbt","","","","","","","","dbt's test definitions and the manifest entries they produce are what other DQ tools (Elementary, re_data, dbt-osmosis) read. The format is the standard surface even though dbt Labs governs it.","false","DIRECT_OBSERVATION","LandscapeEntry;DataStandardLandscapeEntry",""
"assessment:dbt-tests","assessment-dbt-tests","dbt tests landscape assessment","","","","","","","","","","","","Right when your transformations already live in dbt; otherwise reach for a standalone DQ tool.","","","DIRECT_OBSERVATION","LandscapeAssessment",""
"standard:sodacl","sodacl","SodaCL","Soda Checks Language","","2022","Soda (vendor-driven open source)","Widely adopted; vendor-driven","","","","","","","","SodaCL is the YAML check language Soda publishes — and the part that other tools have standardised on. The Data Contract CLI delegates ODCS quality checks to SodaCL because expressing checks portably matters more than running them in Soda Cloud. The check syntax is the standard surface, even though Soda governs it.","false","DIRECT_OBSERVATION","LandscapeEntry;DataStandardLandscapeEntry",""
"assessment:sodacl","assessment-sodacl","SodaCL landscape assessment","","","","","","","","","","","","YAML-first DQ; lighter than Great Expectations, smaller ecosystem.","","","DIRECT_OBSERVATION","LandscapeAssessment",""
"standard:odps","odps","ODPS","Open Data Product Standard","","2025","BITOL / Linux Foundation","v1.0","","","","","","","","","false","DIRECT_OBSERVATION","LandscapeEntry;DataStandardLandscapeEntry",""
"assessment:odps","assessment-odps","ODPS landscape assessment","","","","","","","","","","","","Winning data-product spec; ODCS-aligned.","","","DIRECT_OBSERVATION","LandscapeAssessment",""
"standard:dpds","dpds","DPDS","Data Product Descriptor Specification","","2022","OpenDataMesh community","Active; community-driven specification","","","","","","","","","false","DIRECT_OBSERVATION","LandscapeEntry;DataStandardLandscapeEntry",""
"assessment:dpds","assessment-dpds","DPDS landscape assessment","","","","","","","","","","","","Coexists with BITOL's ODPS but with smaller community.","","","DIRECT_OBSERVATION","LandscapeAssessment",""
"standard:odpspec","odpspec","ODPS","Open Data Product Specification","","2022","opendataproducts.org / Linux Foundation","Active; mature pricing & i18n features","","","","","","","","","false","DIRECT_OBSERVATION","LandscapeEntry;DataStandardLandscapeEntry",""
"assessment:odpspec","assessment-odpspec","ODPS landscape assessment","","","","","","","","","","","","LF-governed data-product spec; strong on commercial terms, modest adoption.","","","DIRECT_OBSERVATION","LandscapeAssessment",""
"standard:dprod","dprod","DPROD","Data Product Vocabulary (DPROD)","","2024","EKGF / Object Management Group (OMG) — RDF/OWL vocabulary","Active in semantic-web circles","","","","","","","","","false","DIRECT_OBSERVATION","LandscapeEntry;DataStandardLandscapeEntry",""
"assessment:dprod","assessment-dprod","DPROD landscape assessment","","","","","","","","","","","","RDF/OWL data-product vocabulary; right only when your stack already lives in linked data.","","","DIRECT_OBSERVATION","LandscapeAssessment",""
"standard:iceberg","iceberg","Iceberg","Apache Iceberg","","2017","Apache Software Foundation","Stable; effectively the winner of the table-format race","","","","","","","","Iceberg's table-format specification — manifest files, metadata layout, snapshot semantics — is published openly and re-implemented by every major engine: Snowflake, Databricks, Trino, Spark, Dremio, DuckDB. The format itself is the standard; the original Netflix implementation is just one client of it.","false","DIRECT_OBSERVATION","LandscapeEntry;DataStandardLandscapeEntry",""
"assessment:iceberg","assessment-iceberg","Iceberg landscape assessment","","","","","","","","","","","","Default open table format for new lakes; multi-vendor catalog support and ASF governance.","","","DIRECT_OBSERVATION","LandscapeAssessment",""
"standard:delta","delta","Delta","Delta Lake","","2019","Linux Foundation (originally Databricks)","Stable; widely deployed","","","","","","","","The Delta transaction-log protocol is published as an open spec and implemented by readers and writers beyond Databricks — delta-rs, Trino, Flink, Spark. The standard surface is the protocol, not the Databricks runtime; that is what makes a Delta table portable across engines.","false","DIRECT_OBSERVATION","LandscapeEntry;DataStandardLandscapeEntry",""
"assessment:delta","assessment-delta","Delta landscape assessment","","","","","","","","","","","","Reach-For if you're on Databricks; Situational elsewhere.","","","DIRECT_OBSERVATION","LandscapeAssessment",""
"standard:hudi","hudi","Hudi","Apache Hudi","","2017","Apache Software Foundation","Stable; strong streaming/upsert focus","","","","","","","","Hudi publishes its on-disk table format and timeline protocol as an open spec, and engines beyond the Hudi runtime (Spark, Flink, Trino, Presto) read and write it directly. The format is the standard part; the platform tooling is one implementation of it.","false","DIRECT_OBSERVATION","LandscapeEntry;DataStandardLandscapeEntry",""
"assessment:hudi","assessment-hudi","Hudi landscape assessment","","","","","","","","","","","","Third-place table format; legitimate CDC-upsert use cases but lost the default slot.","","","DIRECT_OBSERVATION","LandscapeAssessment",""
"standard:ducklake","ducklake","DuckLake","DuckLake","","2025","DuckDB Labs (vendor-driven open source)","Emerging; v1.0 production-ready (April 2026), adoption concentrated in the DuckDB ecosystem","","","","","","","","DuckLake's catalog schema is published as an open SQL specification — any database that speaks SQL can host a DuckLake catalog. Listed on the de-facto criterion: the schema is the standard surface, even though DuckDB Labs governs it and adoption is still early.","false","DIRECT_OBSERVATION","LandscapeEntry;DataStandardLandscapeEntry",""
"assessment:ducklake","assessment-ducklake","DuckLake landscape assessment","","","","","","","","","","","","DuckDB-Labs catalog; v1.0 production-ready, ecosystem still small.","","","DIRECT_OBSERVATION","LandscapeAssessment",""
"standard:xml-schema","xml-schema","XML Schema","XML Schema Definition (XSD)","","2001","W3C","Stable since 2001","","","","","","","","","false","DIRECT_OBSERVATION","LandscapeEntry;DataStandardLandscapeEntry",""
"assessment:xml-schema","assessment-xml-schema","XML Schema landscape assessment","","","","","","","","","","","","The schema language for XML — load-bearing in enterprise integration, finance, healthcare, and government with mature tooling.","","","DIRECT_OBSERVATION","LandscapeAssessment",""
"standard:json-schema","json-schema","JSON Schema","JSON Schema","","2009","JSON Schema community / IETF","Latest draft 2020-12; published independently after leaving the IETF Internet-Draft track","","","","","","","","","false","DIRECT_OBSERVATION","LandscapeEntry;DataStandardLandscapeEntry",""
"assessment:json-schema","assessment-json-schema","JSON Schema landscape assessment","","","","","","","","","","","","Default API-payload validation; behind OpenAPI/AsyncAPI.","","","DIRECT_OBSERVATION","LandscapeAssessment",""
"standard:sql-ddl","sql-ddl","SQL DDL","SQL Data Definition Language","","1986","ANSI / ISO/IEC 9075","Stable; per-vendor extensions are everywhere","","","","","","","","","false","DIRECT_OBSERVATION","LandscapeEntry;DataStandardLandscapeEntry",""
"assessment:sql-ddl","assessment-sql-ddl","SQL DDL landscape assessment","","","","","","","","","","","","Universal way to describe a relational schema; portable across engines.","","","DIRECT_OBSERVATION","LandscapeAssessment",""
"standard:avro-schema","avro-schema","AVRO Schema","Apache Avro Schema","","2009","Apache Software Foundation","Stable; ubiquitous in streaming","","","","","","","","","false","DIRECT_OBSERVATION","LandscapeEntry;DataStandardLandscapeEntry",""
"assessment:avro-schema","assessment-avro-schema","AVRO Schema landscape assessment","","","","","","","","","","","","Schema language for Kafka payloads; pairs with Schema Registry.","","","DIRECT_OBSERVATION","LandscapeAssessment",""
"standard:protobuf","protobuf","Protobuf","Protocol Buffers","","2008","Google (open source, vendor-driven)","Stable; de-facto schema for binary RPC","","","","","","","","The .proto language and the wire format are publicly specified, with compilers and runtimes for every major language. gRPC, Schema Registry, and countless internal RPC stacks depend on the format definition rather than Google's implementation. That is the standard surface, even though Google governs it.","false","DIRECT_OBSERVATION","LandscapeEntry;DataStandardLandscapeEntry",""
"assessment:protobuf","assessment-protobuf","Protobuf landscape assessment","","","","","","","","","","","","Strong schema-evolution rules; default for gRPC.","","","DIRECT_OBSERVATION","LandscapeAssessment",""
"standard:iceberg-catalog","iceberg-catalog","Iceberg Catalog","Iceberg REST Catalog","","2022","Apache Software Foundation","Stable; rapidly becoming the default catalog protocol","","","","","","","","","false","DIRECT_OBSERVATION","LandscapeEntry;DataStandardLandscapeEntry",""
"assessment:iceberg-catalog","assessment-iceberg-catalog","Iceberg Catalog landscape assessment","","","","","","","","","","","","Canonical catalog API for Iceberg; multi-vendor implementations.","","","DIRECT_OBSERVATION","LandscapeAssessment",""
"standard:unity-catalog","unity-catalog","Unity Catalog","Unity Catalog","","2024","Linux Foundation (originally Databricks)","Open-sourced 2024; growing ecosystem","","","","","","","","Unity Catalog publishes a public REST API that other catalogs and engines can implement and consume. The API is the standard surface — that is what makes ""speaks Unity"" a portability claim rather than a Databricks lock-in. The reference implementation is open source under the Linux Foundation.","false","DIRECT_OBSERVATION","LandscapeEntry;DataStandardLandscapeEntry",""
"assessment:unity-catalog","assessment-unity-catalog","Unity Catalog landscape assessment","","","","","","","","","","","","LF-open-sourced but still Databricks-tilted in practice.","","","DIRECT_OBSERVATION","LandscapeAssessment",""
"standard:hive-metastore","hive-metastore","Hive Metastore","Apache Hive Metastore","","2010","Apache Software Foundation","Stable; ubiquitous in lakehouse engines, slowly being replaced by Iceberg REST and Unity Catalog","","","","","","","","The Hive Metastore Thrift API is publicly defined and re-implemented by every major lakehouse engine. ""Speaks the Hive Metastore API"" became the portability test for a generation of big-data tools — the API is the standard, independent of the original Hive server.","false","DIRECT_OBSERVATION","LandscapeEntry;DataStandardLandscapeEntry",""
"assessment:hive-metastore","assessment-hive-metastore","Hive Metastore landscape assessment","","","","","","","","","","","","The catalog Iceberg REST is displacing; maintain only.","","","DIRECT_OBSERVATION","LandscapeAssessment",""
"standard:schema-registry","schema-registry","Schema Registry","Confluent Schema Registry","","2014","Confluent (open API; multiple compatible implementations)","De-facto standard for streaming schemas","","","","","","","","Confluent's Schema Registry REST API is publicly documented and re-implemented by Apicurio (Red Hat), AWS Glue, Karapace (Aiven), and Redpanda. Producers and consumers depend on the API contract, not on Confluent's server — which is what promotes it from a vendor product to a de-facto standard.","false","DIRECT_OBSERVATION","LandscapeEntry;DataStandardLandscapeEntry",""
"assessment:schema-registry","assessment-schema-registry","Schema Registry landscape assessment","","","","","","","","","","","","The default Kafka schema-management surface.","","","DIRECT_OBSERVATION","LandscapeAssessment",""
"standard:csv","csv","CSV","Comma-Separated Values (RFC 4180)","","2005","IETF (RFC 4180)","Stable; the lowest common denominator for tabular data","","","","","","","","","false","DIRECT_OBSERVATION","LandscapeEntry;DataStandardLandscapeEntry",""
"assessment:csv","assessment-csv","CSV landscape assessment","","","","","","","","","","","","Universal flat file; ugly but ubiquitous.","","","DIRECT_OBSERVATION","LandscapeAssessment",""
"standard:json","json","JSON","JavaScript Object Notation","","2001","IETF RFC 8259 / ECMA-404","Stable; ubiquitous","","","","","","","","","false","DIRECT_OBSERVATION","LandscapeEntry;DataStandardLandscapeEntry",""
"assessment:json","assessment-json","JSON landscape assessment","","","","","","","","","","","","Universal payload format; not a choice.","","","DIRECT_OBSERVATION","LandscapeAssessment",""
"standard:xml","xml","XML","Extensible Markup Language","","1998","W3C","Stable since 1998; XML 1.0 (Fifth Edition, 2008) is the de-facto current spec","","","","","","","","","false","DIRECT_OBSERVATION","LandscapeEntry;DataStandardLandscapeEntry",""
"assessment:xml","assessment-xml","XML landscape assessment","","","","","","","","","","","","Load-bearing in finance, healthcare, and government; mature tooling around XSD, XSLT, XPath, XQuery.","","","DIRECT_OBSERVATION","LandscapeAssessment",""
"standard:yaml","yaml","YAML","YAML Ain't Markup Language","","2001","yaml.org / community spec","Stable; v1.2.2 (2021)","","","","","","","","","true","DIRECT_OBSERVATION","LandscapeEntry;DataStandardLandscapeEntry",""
"assessment:yaml","assessment-yaml","YAML landscape assessment","","","","","","","","","","","","Default surface for config and contract specs.","","","DIRECT_OBSERVATION","LandscapeAssessment",""
"standard:parquet","parquet","PARQUET","Apache Parquet","","2013","Apache Software Foundation","Stable; the columnar default","","","","","","","","Parquet's on-disk format is published as an open spec with independent reader/writer implementations in C++, Java, Rust, Go, and Python. Every analytics engine and lakehouse format depends on the format spec, not on a particular library. That makes the file format itself the standard.","false","DIRECT_OBSERVATION","LandscapeEntry;DataStandardLandscapeEntry",""
"assessment:parquet","assessment-parquet","PARQUET landscape assessment","","","","","","","","","","","","De-facto columnar storage; baseline for analytics.","","","DIRECT_OBSERVATION","LandscapeAssessment",""
"standard:avro","avro","AVRO","Apache Avro","","2009","Apache Software Foundation","Stable; standard in Kafka","","","","","","","","The Avro container format and binary encoding are open specifications with independent implementations across Java, Python, Go, C++, and Rust. Kafka, Schema Registry, and most stream processors depend on the format spec, not on a particular Avro library — which is what makes it portable.","false","DIRECT_OBSERVATION","LandscapeEntry;DataStandardLandscapeEntry",""
"assessment:avro","assessment-avro","AVRO landscape assessment","","","","","","","","","","","","Kafka's binary payload of choice; first-class with Schema Registry.","","","DIRECT_OBSERVATION","LandscapeAssessment",""
"standard:orc","orc","ORC","Apache ORC (Optimized Row Columnar)","","2013","Apache Software Foundation","Stable; mostly seen in Hive-era stacks","","","","","","","","ORC's on-disk format is an open Apache spec with independent readers in Java, C++, and Rust. Hive, Spark, Trino, Presto and others read and write the same files because they target the format, not a single library. The file format is the standard surface.","false","DIRECT_OBSERVATION","LandscapeEntry;DataStandardLandscapeEntry",""
"assessment:orc","assessment-orc","ORC landscape assessment","","","","","","","","","","","","Pick if you're in Hive/Tez territory; otherwise Parquet wins.","","","DIRECT_OBSERVATION","LandscapeAssessment",""
"standard:lance","lance","Lance","Lance","","2022","Lance community (independent open source, LF-inspired governance)","Emerging; production use concentrated in AI/ML stacks","","","","","","","","Lance's on-disk format is published as an open spec with independent Rust and Python implementations. LanceDB, DataFusion, DuckDB integrations, and downstream tools target the format itself rather than a single library — putting it on the de-facto standard track under an open, LF-style community governance model.","false","DIRECT_OBSERVATION","LandscapeEntry;DataStandardLandscapeEntry",""
"assessment:lance","assessment-lance","Lance landscape assessment","","","","","","","","","","","","AI/ML-optimised columnar format; trajectory good, adoption concentrated.","","","DIRECT_OBSERVATION","LandscapeAssessment",""
"standard:openlineage","openlineage","OpenLineage","OpenLineage","","2020","Linux Foundation","Stable; growing integration list","","","","","","","","","false","DIRECT_OBSERVATION","LandscapeEntry;DataStandardLandscapeEntry",""
"assessment:openlineage","assessment-openlineage","OpenLineage landscape assessment","","","","","","","","","","","","The lineage-emission standard, with column-level support.","","","DIRECT_OBSERVATION","LandscapeAssessment",""
"standard:opa","opa","OPA","Open Policy Agent","","2016","CNCF (Graduated)","Stable; de-facto policy engine for cloud-native","","","","","","","","Rego — the policy language OPA defines — has become the portable way to express authorization rules across cloud-native systems. Kubernetes admission control, service meshes, CI gates, and data-mesh governance all consume the same Rego policies. The language and the OPA evaluation API are the standard, with multiple compatible runtimes.","false","DIRECT_OBSERVATION","LandscapeEntry;DataStandardLandscapeEntry",""
"assessment:opa","assessment-opa","OPA landscape assessment","","","","","","","","","","","","General-purpose policy engine; mature Rego ecosystem.","","","DIRECT_OBSERVATION","LandscapeAssessment",""
"standard:mcp","mcp","MCP","Model Context Protocol","","2024","Linux Foundation (created by Anthropic; multi-vendor steering)","Active; rapid adoption since late 2024","","","","","","","","","false","DIRECT_OBSERVATION","LandscapeEntry;DataStandardLandscapeEntry",""
"assessment:mcp","assessment-mcp","MCP landscape assessment","","","","","","","","","","","","Became the AI tool-integration default in 2024–2025.","","","DIRECT_OBSERVATION","LandscapeAssessment",""
"standard:a2a","a2a","A2A","Agent2Agent Protocol","","2025","Linux Foundation (created by Google; multi-vendor steering)","Active; donated to LF in 2025","","","","","","","","","false","DIRECT_OBSERVATION","LandscapeEntry;DataStandardLandscapeEntry",""
"assessment:a2a","assessment-a2a","A2A landscape assessment","","","","","","","","","","","","Agent-to-agent protocol; right when you have multi-agent orchestration, otherwise overkill.","","","DIRECT_OBSERVATION","LandscapeAssessment",""
"standard:s3","s3","S3","Amazon S3 API","","2006","AWS (vendor-controlled, but de-facto standard)","De-facto standard; implemented by everyone","","","","","","","","AWS publishes the S3 REST API, and MinIO, Cloudflare R2, Backblaze B2, Wasabi, Ceph RGW, GCS interop, and most on-prem object stores re-implement it. ""Speaks S3"" is treated as a portability guarantee precisely because the API surface — not AWS's server — is what tools depend on.","false","DIRECT_OBSERVATION","LandscapeEntry;DataStandardLandscapeEntry",""
"assessment:s3","assessment-s3","S3 landscape assessment","","","","","","","","","","","","The object-storage API everyone implements.","","","DIRECT_OBSERVATION","LandscapeAssessment",""
"standard:ossie","ossie","Ossie","Apache Ossie (incubating)","","2025","Apache Software Foundation (incubating) — donated by the OSI Initiative; 50+ organisations including Snowflake, Salesforce, dbt Labs, Databricks, Dremio","Incubating at the ASF since July 2026; spec still early, working groups very active","","","","","","","","","false","DIRECT_OBSERVATION","LandscapeEntry;DataStandardLandscapeEntry",""
"assessment:ossie","assessment-ossie","Ossie landscape assessment","","","","","","","","","","","","Emerging vendor-neutral semantic exchange, now under ASF governance; promising, adoption early.","","","DIRECT_OBSERVATION","LandscapeAssessment",""
"standard:rdf-owl","rdf-owl","RDF/OWL","Resource Description Framework / Web Ontology Language","","1999","W3C","Stable; foundation of the semantic web","","","","","","","","","false","DIRECT_OBSERVATION","LandscapeEntry;DataStandardLandscapeEntry",""
"assessment:rdf-owl","assessment-rdf-owl","RDF/OWL landscape assessment","","","","","","","","","","","","Semantic-web foundation; right when reasoning/inference matter.","","","DIRECT_OBSERVATION","LandscapeAssessment",""
"standard:dcat","dcat","DCAT","Data Catalog Vocabulary","","2014","W3C","Stable; v3 current","","","","","","","","","false","DIRECT_OBSERVATION","LandscapeEntry;DataStandardLandscapeEntry",""
"assessment:dcat","assessment-dcat","DCAT landscape assessment","","","","","","","","","","","","Mandatory in EU open-data and many regulatory contexts.","","","DIRECT_OBSERVATION","LandscapeAssessment",""
"standard:skos","skos","SKOS","Simple Knowledge Organization System","","2009","W3C","Stable since 2009","","","","","","","","","false","DIRECT_OBSERVATION","LandscapeEntry;DataStandardLandscapeEntry",""
"assessment:skos","assessment-skos","SKOS landscape assessment","","","","","","","","","","","","Right when you actually have a taxonomy.","","","DIRECT_OBSERVATION","LandscapeAssessment",""
"standard:shacl","shacl","SHACL","Shapes Constraint Language","","2017","W3C","Stable since 2017 (1.0); SHACL 1.2 in progress (FPWDs published 2025)","","","","","","","","","false","DIRECT_OBSERVATION","LandscapeEntry;DataStandardLandscapeEntry",""
"assessment:shacl","assessment-shacl","SHACL landscape assessment","","","","","","","","","","","","Validate RDF; only when you already speak RDF.","","","DIRECT_OBSERVATION","LandscapeAssessment",""
"standard:json-ld","json-ld","JSON-LD","JSON for Linking Data","","2014","W3C","Stable; JSON-LD 1.1 current","","","","","","","","","false","DIRECT_OBSERVATION","LandscapeEntry;DataStandardLandscapeEntry",""
"assessment:json-ld","assessment-json-ld","JSON-LD landscape assessment","","","","","","","","","","","","Pragmatic semantic-web on-ramp inside ordinary JSON.","","","DIRECT_OBSERVATION","LandscapeAssessment",""
"standard:sparql","sparql","SPARQL","SPARQL Protocol and RDF Query Language","","2008","W3C","Stable; SPARQL 1.1 current, 1.2 in progress","","","","","","","","","false","DIRECT_OBSERVATION","LandscapeEntry;DataStandardLandscapeEntry",""
"assessment:sparql","assessment-sparql","SPARQL landscape assessment","","","","","","","","","","","","Query RDF; right when your data lives in triples.","","","DIRECT_OBSERVATION","LandscapeAssessment",""
"standard:hdfs","hdfs","HDFS","Hadoop Distributed File System","","2006","Apache Software Foundation","Stable; mature, declining in greenfield projects","","","","","","","","","false","DIRECT_OBSERVATION","LandscapeEntry;DataStandardLandscapeEntry",""
"assessment:hdfs","assessment-hdfs","HDFS landscape assessment","","","","","","","","","","","","Hadoop-era distributed FS; object storage replaced it for nearly all new builds.","","","DIRECT_OBSERVATION","LandscapeAssessment",""
"standard:jdbc","jdbc","JDBC","Java Database Connectivity","","1997","Java Community Process (JCP)","Stable; ubiquitous in JVM ecosystems","","","","","","","","","false","DIRECT_OBSERVATION","LandscapeEntry;DataStandardLandscapeEntry",""
"assessment:jdbc","assessment-jdbc","JDBC landscape assessment","","","","","","","","","","","","Every JVM data tool speaks it; default for 25 years.","","","DIRECT_OBSERVATION","LandscapeAssessment",""
"standard:odbc","odbc","ODBC","Open Database Connectivity","","1992","ISO/IEC 9075-3 (originally Microsoft / SQL Access Group)","Stable since 1992; cross-language standard","","","","","","","","","false","DIRECT_OBSERVATION","LandscapeEntry;DataStandardLandscapeEntry",""
"assessment:odbc","assessment-odbc","ODBC landscape assessment","","","","","","","","","","","","Cross-language equivalent of JDBC; sits behind every BI tool.","","","DIRECT_OBSERVATION","LandscapeAssessment",""
"standard:xmla","xmla","XMLA","XML for Analysis","","2001","XMLA Council (Microsoft, Hyperion, SAS); de-facto industry spec","Legacy; still the standard wire protocol for OLAP/semantic-layer access","","","","","","","","","false","DIRECT_OBSERVATION","LandscapeEntry;DataStandardLandscapeEntry",""
"assessment:xmla","assessment-xmla","XMLA landscape assessment","","","","","","","","","","","","Legacy SOAP-based BI protocol; survives only inside MS Analysis Services.","","","DIRECT_OBSERVATION","LandscapeAssessment",""
"standard:adbc","adbc","ADBC","Arrow Database Connectivity","","2023","Apache Software Foundation (Arrow project)","Stable; growing driver ecosystem","","","","","","","","ADBC is published as an open API specification under the Apache Arrow project, with drivers contributed by multiple vendors (Snowflake, BigQuery, DuckDB, Postgres, SQLite). The driver interface and the Arrow-batch result contract are the standard surface — like JDBC/ODBC, but columnar.","false","DIRECT_OBSERVATION","LandscapeEntry;DataStandardLandscapeEntry",""
"assessment:adbc","assessment-adbc","ADBC landscape assessment","","","","","","","","","","","","Arrow-native DB connectivity; the modern replacement for JDBC/ODBC on analytical workloads.","","","DIRECT_OBSERVATION","LandscapeAssessment",""
"standard:quack","quack","Quack","Quack","","2025","DuckDB Labs (vendor-driven open source)","Emerging; new client-server protocol from the DuckDB ecosystem","","","","","","","","Quack is published as an open protocol specification by DuckDB Labs. Listed on the de-facto criterion: the wire format is the standard surface, even though governance sits with a single vendor and adoption is still concentrated in the DuckDB ecosystem.","false","DIRECT_OBSERVATION","LandscapeEntry;DataStandardLandscapeEntry",""
"assessment:quack","assessment-quack","Quack landscape assessment","","","","","","","","","","","","DuckDB's new client-server protocol; promising but early — watch adoption beyond the DuckDB ecosystem.","","","DIRECT_OBSERVATION","LandscapeAssessment",""
"standard:http","http","HTTP","Hypertext Transfer Protocol","","1991","IETF","Stable; HTTP/3 (RFC 9114) is current","","","","","","","","","false","DIRECT_OBSERVATION","LandscapeEntry;DataStandardLandscapeEntry",""
"assessment:http","assessment-http","HTTP landscape assessment","","","","","","","","","","","","Universal application transport; nobody decides to use it.","","","DIRECT_OBSERVATION","LandscapeAssessment",""
"standard:kafka","kafka","Kafka","Apache Kafka","","2011","Apache Software Foundation","Stable; the de-facto streaming platform","","","","","","","","The Kafka wire protocol is publicly documented and re-implemented by Redpanda, WarpStream, and AutoMQ — clients written for one server work against the others. The standard surface is the protocol, not the Apache Kafka broker; that is what lets producers and consumers stay portable across vendors.","false","DIRECT_OBSERVATION","LandscapeEntry;DataStandardLandscapeEntry",""
"assessment:kafka","assessment-kafka","Kafka landscape assessment","","","","","","","","","","","","The streaming backbone; competitors challenge the implementation, not the category.","","","DIRECT_OBSERVATION","LandscapeAssessment",""
"standard:mqtt","mqtt","MQTT","Message Queuing Telemetry Transport","","1999","OASIS","Stable; MQTT 5.0 standardised","","","","","","","","","false","DIRECT_OBSERVATION","LandscapeEntry;DataStandardLandscapeEntry",""
"assessment:mqtt","assessment-mqtt","MQTT landscape assessment","","","","","","","","","","","","Excellent in IoT/edge, irrelevant outside it.","","","DIRECT_OBSERVATION","LandscapeAssessment",""
"standard:cloudevents","cloudevents","CloudEvents","CloudEvents","","2018","CNCF (Graduated)","Stable; CloudEvents 1.0 graduated at CNCF","","","","","","","","","false","DIRECT_OBSERVATION","LandscapeEntry;DataStandardLandscapeEntry",""
"assessment:cloudevents","assessment-cloudevents","CloudEvents landscape assessment","","","","","","","","","","","","Default event envelope; HTTP/Kafka/AMQP/MQTT bindings all standardised.","","","DIRECT_OBSERVATION","LandscapeAssessment",""
"standard:amqp","amqp","AMQP","Advanced Message Queuing Protocol","","2003","OASIS","Stable; AMQP 1.0 standardised","","","","","","","","","false","DIRECT_OBSERVATION","LandscapeEntry;DataStandardLandscapeEntry",""
"assessment:amqp","assessment-amqp","AMQP landscape assessment","","","","","","","","","","","","Pick when you want broker semantics (RabbitMQ-shaped problems).","","","DIRECT_OBSERVATION","LandscapeAssessment",""
"standard:jms","jms","JMS","Jakarta Messaging (formerly Java Message Service)","","2001","Eclipse Foundation (Jakarta EE); originally JCP","Stable; Jakarta Messaging 3.1 is current","","","","","","","","","false","DIRECT_OBSERVATION","LandscapeEntry;DataStandardLandscapeEntry",""
"assessment:jms","assessment-jms","JMS landscape assessment","","","","","","","","","","","","Java-only messaging API; maintain if you have it, don't pick it new.","","","DIRECT_OBSERVATION","LandscapeAssessment",""
"standard:ftp","ftp","FTP / SFTP","File Transfer Protocol / SSH File Transfer Protocol","","1971","IETF","Stable; legacy but pervasive in B2B data exchange","","","","","","","","","false","DIRECT_OBSERVATION","LandscapeEntry;DataStandardLandscapeEntry",""
"assessment:ftp","assessment-ftp","FTP / SFTP landscape assessment","","","","","","","","","","","","Unencrypted FTP is unsafe for new work; SFTP-only as a last resort when partners can't speak HTTP APIs.","","","DIRECT_OBSERVATION","LandscapeAssessment",""
"standard:deltasharing","deltasharing","Delta Sharing","Delta Sharing Protocol","","2021","Linux Foundation (donated by Databricks)","Stable; multi-vendor adoption","","","","","","","","Delta Sharing is published as an open REST protocol specification under the Linux Foundation, with reference servers and clients across multiple languages and several independent implementations (Databricks, AWS, Azure, Power BI). The wire protocol is the standard surface — not the Databricks product.","false","DIRECT_OBSERVATION","LandscapeEntry;DataStandardLandscapeEntry",""
"assessment:deltasharing","assessment-deltasharing","Delta Sharing landscape assessment","","","","","","","","","","","","Cross-org sharing without copies; well-defined niche.","","","DIRECT_OBSERVATION","LandscapeAssessment",""
"standard:dataframe","dataframe","DataFrame API","Python Dataframe API Standard","","2021","Consortium for Python Data API Standards (data-apis.org)","Draft RFC; multi-vendor adoption underway","","","","","","","","","false","DIRECT_OBSERVATION","LandscapeEntry;DataStandardLandscapeEntry",""
"assessment:dataframe","assessment-dataframe","DataFrame API landscape assessment","","","","","","","","","","","","Portable Python DataFrame spec; the way to write library code that runs on pandas, Polars, Modin, and cuDF.","","","DIRECT_OBSERVATION","LandscapeAssessment",""
"standard:arrow","arrow","Apache Arrow","Apache Arrow","","2016","Apache Software Foundation","Stable; broadly adopted across the analytics stack","","","","","","","","Arrow's columnar memory layout and IPC format are an open specification, not a library. DuckDB, Polars, pandas 2.x, Spark, and ADBC all align on the same in-memory representation, which is what enables zero-copy interchange across engines and languages. The format spec is the standard.","false","DIRECT_OBSERVATION","LandscapeEntry;DataStandardLandscapeEntry",""
"assessment:arrow","assessment-arrow","Apache Arrow landscape assessment","","","","","","","","","","","","In-memory columnar standard powering Flight, ADBC, DataFusion, Polars.","","","DIRECT_OBSERVATION","LandscapeAssessment",""
"standard:spark","spark","Spark","Apache Spark","","2014","Apache Software Foundation","Stable; Spark 4.x current, 3.x widely deployed","","","","","","","","Spark's DataFrame API and the Spark Connect protocol are the standard parts. Spark Connect publishes a gRPC contract that any Spark-compatible engine can serve, and the DataFrame API is what other engines (e.g. Databricks Connect, Apache Sedona) target. The interface, not the JVM runtime, is what makes Spark a standard.","false","DIRECT_OBSERVATION","LandscapeEntry;DataStandardLandscapeEntry",""
"assessment:spark","assessment-spark","Spark landscape assessment","","","","","","","","","","","","Default distributed batch+streaming engine.","","","DIRECT_OBSERVATION","LandscapeAssessment",""
"standard:beam","beam","Beam","Apache Beam","","2016","Apache Software Foundation","Stable; multi-runner model spec","","","","","","","","Beam's value is the model, not the runner. The Beam programming model and the portability framework (Fn API, Runner API) are an open specification that multiple runners implement. Pipelines move between Flink, Spark, and Dataflow without code changes precisely because all three implement the same Beam contract — making the model the standard surface tools and teams target.","false","DIRECT_OBSERVATION","LandscapeEntry;DataStandardLandscapeEntry",""
"assessment:beam","assessment-beam","Beam landscape assessment","","","","","","","","","","","","Write once, run on Flink/Spark/Dataflow; right when runner portability matters.","","","DIRECT_OBSERVATION","LandscapeAssessment",""
"standard:pandas","pandas","Pandas","pandas","","2008","NumFOCUS (open source)","Stable; the de-facto Python DataFrame API","","","","","","","","The pandas Python API is the de-facto DataFrame interface other libraries deliberately mimic — Modin, cuDF, Dask, and many wrappers expose pandas-compatible surfaces precisely because users already know it. The API shape, not the implementation, is what makes pandas a standard reference.","false","DIRECT_OBSERVATION","LandscapeEntry;DataStandardLandscapeEntry",""
"assessment:pandas","assessment-pandas","Pandas landscape assessment","","","","","","","","","","","","Universal Python DataFrame; you don't choose it, you encounter it.","","","DIRECT_OBSERVATION","LandscapeAssessment",""
"standard:ibis","ibis","Ibis","Ibis","","2015","Ibis Project (open source)","Stable; multi-backend","","","","","","","","Ibis defines a backend-neutral DataFrame expression API, with a published backend protocol that 20+ engines implement. The API and the backend contract are the standard surface — Ibis is the rare project where the standardised ""interface"" is its whole reason to exist.","false","DIRECT_OBSERVATION","LandscapeEntry;DataStandardLandscapeEntry",""
"assessment:ibis","assessment-ibis","Ibis landscape assessment","","","","","","","","","","","","Portable Python DataFrame compiling to many backends; trajectory strong, footprint small.","","","DIRECT_OBSERVATION","LandscapeAssessment",""
"standard:sql-dml","sql-dml","SQL DML","SQL Data Manipulation Language","","1986","ANSI / ISO/IEC 9075","Stable since 1986; revised regularly (latest SQL:2023)","","","","","","","","ISO/IEC 9075 specifies a portable DML core — CTEs (SQL:1999), window functions (SQL:2003), and MERGE (SQL:2003) — that every serious analytical engine implements. Transformations written against this core run on Snowflake, BigQuery, Databricks, DuckDB, Postgres, and Trino with minimal change. The standard surface, not any vendor's dialect, is what makes SQL the default processing language.","false","DIRECT_OBSERVATION","LandscapeEntry;DataStandardLandscapeEntry",""
"assessment:sql-dml","assessment-sql-dml","SQL DML landscape assessment","","","","","","","","","","","","Portable transformation language across relational/lakehouse engines.","","","DIRECT_OBSERVATION","LandscapeAssessment",""
"standard:xslt","xslt","XSLT","Extensible Stylesheet Language Transformations","","1999","W3C","Legacy; XSLT 3.0 (2017) is current, but new adoption is rare","","","","","","","","","false","DIRECT_OBSERVATION","LandscapeEntry;DataStandardLandscapeEntry",""
"assessment:xslt","assessment-xslt","XSLT landscape assessment","","","","","","","","","","","","XML transformation; maintain if you have it, don't pick it new.","","","DIRECT_OBSERVATION","LandscapeAssessment",""
"standard:linkml","linkml","LinkML","Linked data Modeling Language","","2019","LinkML community / Monarch Initiative","Stable; widely used in biomedical and life-sciences data modelling","","","","","","","","","true","DIRECT_OBSERVATION","LandscapeEntry;DataStandardLandscapeEntry",""
"assessment:linkml","assessment-linkml","LinkML landscape assessment","","","","","","","","","","","","Multi-output schema language; strong in biomedical, niche elsewhere.","","","DIRECT_OBSERVATION","LandscapeAssessment",""
"standard:schemaorg","schemaorg","schema.org","schema.org vocabulary","","2011","schema.org Community Group / W3C","Stable; mainstream for web structured data, niche in data-architecture contexts","","","","","","","","","true","DIRECT_OBSERVATION","LandscapeEntry;DataStandardLandscapeEntry",""
"assessment:schemaorg","assessment-schemaorg","schema.org landscape assessment","","","","","","","","","","","","Web SEO/structured-data vocabulary; different audience from data-platform work.","","","DIRECT_OBSERVATION","LandscapeAssessment",""
"standard:shex","shex","ShEx","Shape Expressions Language","","2017","W3C Shape Expressions Community Group","Stable; ShEx 2.1 current","","","","","","","","","true","DIRECT_OBSERVATION","LandscapeEntry;DataStandardLandscapeEntry",""
"assessment:shex","assessment-shex","ShEx landscape assessment","","","","","","","","","","","","RDF shape validation parallel to SHACL; smaller community.","","","DIRECT_OBSERVATION","LandscapeAssessment",""
"standard:odrl","odrl","ODRL","Open Digital Rights Language","","2018","W3C","W3C Recommendation; v2.2 current (since 2018)","","","","","","","","","true","DIRECT_OBSERVATION","LandscapeEntry;DataStandardLandscapeEntry",""
"assessment:odrl","assessment-odrl","ODRL landscape assessment","","","","","","","","","","","","Rights-expression language; relevant where data licensing matters.","","","DIRECT_OBSERVATION","LandscapeAssessment",""
"standard:prov","prov","PROV","PROV — Provenance Family","","2013","W3C","W3C Recommendation since 2013","","","","","","","","","true","DIRECT_OBSERVATION","LandscapeEntry;DataStandardLandscapeEntry",""
"assessment:prov","assessment-prov","PROV landscape assessment","","","","","","","","","","","","W3C provenance vocabulary; predates OpenLineage by a decade, fading.","","","DIRECT_OBSERVATION","LandscapeAssessment",""
"standard:gql","gql","GQL","Graph Query Language","","2024","ISO/IEC 39075:2024","Stable; ISO/IEC 39075:2024 published","","","","","","","","","true","DIRECT_OBSERVATION","LandscapeEntry;DataStandardLandscapeEntry",""
"assessment:gql","assessment-gql","GQL landscape assessment","","","","","","","","","","","","Vendor-neutral property-graph query language — pick when your stack is already on graph databases.","","","DIRECT_OBSERVATION","LandscapeAssessment",""
"standard:odata","odata","OData","Open Data Protocol (v4)","","2014","OASIS (originally Microsoft)","Stable; v4.01 current (OASIS Standard since 2014)","","","","","","","","OData is an OASIS Standard with a publicly-defined wire protocol and metadata format (CSDL). Multiple independent implementations exist across Microsoft, SAP, Salesforce, Oracle, and the OData4j / Olingo open-source stacks, so ""speaks OData"" is a portability claim rather than a vendor-lock-in label.","false","DIRECT_OBSERVATION","LandscapeEntry;DataStandardLandscapeEntry",""
"assessment:odata","assessment-odata","OData landscape assessment","","","","","","","","","","","","Pick when you live in the Microsoft BI/Dynamics world.","","","DIRECT_OBSERVATION","LandscapeAssessment",""
"standard:frictionless-table-schema","frictionless-table-schema","Table Schema","Frictionless Table Schema","","2017","Frictionless Data / Open Knowledge Foundation","Stable; v1.0 (2017), continually maintained","","","","","","","","","true","DIRECT_OBSERVATION","LandscapeEntry;DataStandardLandscapeEntry",""
"assessment:frictionless-table-schema","assessment-frictionless-table-schema","Table Schema landscape assessment","","","","","","","","","","","","Lightweight Frictionless tabular spec; small ecosystem.","","","DIRECT_OBSERVATION","LandscapeAssessment",""
"standard:airflow","airflow","Apache Airflow","Apache Airflow","","2015","Apache Software Foundation","Stable; mature platform for scheduled, finite batch workflows","","","","","","","","","false","OFFICIAL_SOURCE_EXTENSION","LandscapeEntry;DataStandardLandscapeEntry",""
"assessment:airflow","assessment-airflow","Apache Airflow landscape assessment","","","","","","","","","","","","Mature and widely supported for scheduled, finite batch workflows; consider alternatives for highly dynamic, decentralised or continuously running event-stream workloads.","","","EDITORIAL_ASSESSMENT","LandscapeAssessment",""
"standard:prefect","prefect","Prefect","Prefect","","2018","Prefect Technologies, Inc. (vendor-led open source)","Actively maintained open-source workflow orchestration platform","","","","","","","","","false","OFFICIAL_SOURCE_EXTENSION","LandscapeEntry;DataStandardLandscapeEntry",""
"assessment:prefect","assessment-prefect","Prefect landscape assessment","","","","","","","","","","","","Python-native orchestration with dynamic workflows, retries, state tracking and transactional controls; promising for data pipelines, but independent evidence remains limited and governance is vendor-led.","","","EDITORIAL_ASSESSMENT","LandscapeAssessment",""
"standard:temporal","temporal","Temporal","Temporal","","2019","Temporal Technologies, Inc. (vendor-led open source)","Actively maintained durable-execution platform","","","","","","","","","false","OFFICIAL_SOURCE_EXTENSION","LandscapeEntry;DataStandardLandscapeEntry",""
"assessment:temporal","assessment-temporal","Temporal landscape assessment","","","","","","","","","","","","Strong choice when durable execution, recovery and long-running workflow state are primary requirements; less data-pipeline-specific than conventional orchestrators and requires additional operational commitment.","","","EDITORIAL_ASSESSMENT","LandscapeAssessment",""
"regulation:gdpr","gdpr","GDPR","General Data Protection Regulation","","2016","European Union","Regulation (EU) 2016/679; applicable since May 2018","The EU's personal data regime: lawful basis, purpose limitation, data minimisation, data subject rights, records of processing, transfer rules, and breach notification within 72 hours. | For a data platform it is the source of most catalogue metadata obligations you cannot avoid: what personal data you hold, why you hold it, who it goes to, and how long you keep it. ISO/IEC 27701 and the EU Cloud Code of Conduct are the usual ways of evidencing it.","EU","","","","","","","","DIRECT_OBSERVATION","LandscapeEntry;DataRegulationLandscapeEntry",""
"regulation:eu-ai-act","eu-ai-act","EU AI Act","Artificial Intelligence Act","","2024","European Union","Regulation (EU) 2024/1689; prohibitions since February 2025, general-purpose AI rules since August 2025, high-risk obligations from 2027","A risk-tiered regime for AI systems: prohibited practices, obligations for high-risk systems (risk management, data governance, technical documentation, logging, human oversight, accuracy and robustness), transparency duties, and a separate track for general-purpose AI models. | Its data governance article is the one that lands on data teams: training, validation and test data sets must be relevant, sufficiently representative, and as far as possible free of errors and complete. ISO/IEC 42001 and the forthcoming CEN-CENELEC standards are how conformity gets demonstrated.","EU","","","","","","","","DIRECT_OBSERVATION","LandscapeEntry;DataRegulationLandscapeEntry",""
"regulation:eu-data-act","eu-data-act","Data Act","EU Data Act","","2023","European Union","Regulation (EU) 2023/2854; in force January 2024, applicable since 12 September 2025","Rules on access to and use of data generated by connected products and related services: users get access to the data their devices produce and can direct it to third parties, with contractual fairness rules and safeguards against unlawful international access. | It also mandates cloud switching and interoperability, removing egress charges over time and requiring providers to support portability. That makes open formats and portable contracts a legal argument, not only an architectural preference.","EU","","","","","","","","DIRECT_OBSERVATION","LandscapeEntry;DataRegulationLandscapeEntry",""
"regulation:eu-dga","eu-dga","DGA","Data Governance Act","","2022","European Union","Regulation (EU) 2022/868; applicable since September 2023","The framework for data sharing across the EU: re-use of protected public sector data, a notification regime for data intermediation services, and rules for recognised data altruism organisations. | It is the legal scaffolding under the European data spaces, and the reason the Dataspace Protocol, Gaia-X and the DSSC Blueprint exist as concrete implementations rather than position papers.","EU","","","","","","","","DIRECT_OBSERVATION","LandscapeEntry;DataRegulationLandscapeEntry",""
"regulation:nis2","nis2","NIS2","Network and Information Security Directive 2","","2022","European Union","Directive (EU) 2022/2555; national transposition was due October 2024, and several member states ran late","Cybersecurity risk management and incident reporting duties for essential and important entities across energy, transport, health, digital infrastructure, public administration and more, with management bodies personally accountable for compliance. | Being a directive, what binds you is the national transposition, not the text itself, so the detail varies by member state. ISO/IEC 27001 and IT-Grundschutz are the usual routes to demonstrating the required measures.","EU","","","","","","","","DIRECT_OBSERVATION","LandscapeEntry;DataRegulationLandscapeEntry",""
"regulation:dora","dora","DORA","Digital Operational Resilience Act","","2022","European Union","Regulation (EU) 2022/2554; applies since 17 January 2025","ICT risk management, incident classification and reporting, resilience testing, and third-party risk oversight for financial entities, plus a supervisory regime for critical ICT providers serving them. | The third-party chapter is what reaches data platforms: a register of information on every ICT contract, mandated contractual terms, exit strategies, and concentration risk analysis. Your data vendors become items in a supervisory filing.","EU","","","","","","","","DIRECT_OBSERVATION","LandscapeEntry;DataRegulationLandscapeEntry",""
"regulation:eu-cra","eu-cra","CRA","Cyber Resilience Act","","2024","European Union","Regulation (EU) 2024/2847; reporting from September 2026, main obligations from December 2027","Cybersecurity requirements for products with digital elements placed on the EU market: secure-by-design obligations, vulnerability handling for the support period, and reporting of actively exploited vulnerabilities. | It puts an SBOM obligation into EU law for the first time, which is why SPDX and CycloneDX moved from good practice to procurement requirement.","EU","","","","","","","","DIRECT_OBSERVATION","LandscapeEntry;DataRegulationLandscapeEntry",""
"regulation:bcbs-239","bcbs-239","BCBS 239","Principles for Effective Risk Data Aggregation and Risk Reporting","","2013","Basel Committee on Banking Supervision","Published 2013; supervisory expectations ongoing","Fourteen principles on governance, data architecture, accuracy, completeness, timeliness and adaptability of risk data, written for global systemically important banks after the financial crisis exposed how few could aggregate their own exposures quickly. | It is the closest thing to a regulation about data architecture itself, and the reason lineage, ownership and data quality metrics are audited artefacts in banking. DCAM is the usual assessment vehicle.","Global","","","","","","","","DIRECT_OBSERVATION","LandscapeEntry;DataRegulationLandscapeEntry",""
"regulation:sox","sox","SOX","Sarbanes-Oxley Act","","2002","US Congress / SEC / PCAOB","Enacted 2002; Sections 302 and 404 drive the controls work","Requires management and auditors to assess and attest to internal control over financial reporting, with personal certification by the CEO and CFO. | Section 404 is why access controls, change management and audit trails on financial data pipelines are tested annually. Any data product feeding the numbers in a listed company's filings is in scope.","US / Global","","","","","","","","DIRECT_OBSERVATION","LandscapeEntry;DataRegulationLandscapeEntry",""
"regulation:hipaa","hipaa","HIPAA","Health Insurance Portability and Accountability Act","","1996","US HHS / OCR","Enacted 1996; Privacy, Security and Breach Notification Rules","The US regime for protected health information: the Privacy Rule on permitted use and disclosure, the Security Rule on administrative, physical and technical safeguards, and mandatory breach notification. | Its business associate agreements pull every downstream processor into scope, which is why de-identification and minimum-necessary access are design constraints on any health data platform touching the US.","US","","","","","","","","DIRECT_OBSERVATION","LandscapeEntry;DataRegulationLandscapeEntry",""
"regulation:ccpa-cpra","ccpa-cpra","CCPA / CPRA","California Consumer Privacy Act, as amended","","2018","California Privacy Protection Agency","CCPA 2018, amended by CPRA; enforced by the CPPA","California's consumer privacy regime: rights to know, delete, correct and opt out of the sale or sharing of personal information, plus limits on the use of sensitive personal information. | It is the template most other US state privacy laws copied, so building for CCPA generally buys you the rest of the patchwork: an opt-out signal and a deletion path that actually reaches every downstream copy.","US","","","","","","","","DIRECT_OBSERVATION","LandscapeEntry;DataRegulationLandscapeEntry",""
"regulation:dama-dmbok","dama-dmbok","DAMA-DMBOK2","Data Management Body of Knowledge, 2nd Edition","","2009","DAMA International","2nd edition (2017), revised 2024; a DMBOK 3.0 project started in 2025","The reference body of knowledge for enterprise data management, organised around eleven knowledge areas: governance, architecture, modelling, storage, security, integration, reference and master data, warehousing, metadata, quality, and document management. | It is not a certifiable standard and prescribes no controls. Its value under regulatory pressure is the shared vocabulary: when an auditor asks who owns a data set and how its quality is measured, DMBOK gives you the roles and processes to point at.","Global","","","","","","","","DIRECT_OBSERVATION","LandscapeEntry;DataRegulationLandscapeEntry",""
"regulation:dcam","dcam","DCAM","Data Management Capability Assessment Model","","2014","EDM Council","v3: eight components, 34 capabilities and 101 sub-capabilities","A capability assessment model that scores an organisation's data management maturity across eight components, from data governance and architecture to data quality and technology architecture, broken down into 34 capabilities and 101 sub-capabilities. | Widely used in banking and insurance as the structured evidence base behind BCBS 239 and comparable supervisory expectations. The assessment output is what turns ""we manage our data well"" into a defensible score with a remediation roadmap, run in-house or through an authorised partner.","Global","","","","","","","","DIRECT_OBSERVATION","LandscapeEntry;DataRegulationLandscapeEntry",""
"regulation:cdmc","cdmc","CDMC","Cloud Data Management Capabilities","","2021","EDM Council","v1.1 (2021); 14 key controls and automations","A framework for managing and protecting sensitive data in cloud, multi-cloud and hybrid environments, built around fourteen key controls covering classification, ownership, cataloguing, entitlements, and data sovereignty. | It is the cloud-native complement to DCAM rather than a replacement: the key controls are written to be automatable, which makes CDMC the more practical fit when your evidence has to come out of a lakehouse rather than a policy document.","Global","","","","","","","","DIRECT_OBSERVATION","LandscapeEntry;DataRegulationLandscapeEntry",""
"regulation:iso-38505","iso-38505","ISO/IEC 38505","Governance of Data","","2017","ISO/IEC JTC 1/SC 40","Part 1 published 2017; Part 2 (data analytics) 2018","Applies the ISO/IEC 38500 IT governance principles specifically to data, giving boards and executives a model for the accountability, strategy and conformance of data use. | Deliberately high level: it tells a governing body what questions to ask, not how to implement controls. Pair it with a control framework if you need something auditable.","Global","","","","","","","","DIRECT_OBSERVATION","LandscapeEntry;DataRegulationLandscapeEntry",""
"regulation:iso-8000","iso-8000","ISO 8000","Data Quality","","2009","ISO TC 184/SC 4","Multi-part series; parts published from 2009 onwards","A multi-part standard for data quality, best known for its master data parts: syntax, semantic encoding, provenance and the requirements a data set must meet to be exchanged between organisations without loss of meaning. | It is the standard cited when quality has to be a contractual property of the data itself rather than a property of the pipeline that produced it, which is exactly the framing supply chain and product data regulation tends to use.","Global","","","","","","","","DIRECT_OBSERVATION","LandscapeEntry;DataRegulationLandscapeEntry",""
"regulation:iso-11179","iso-11179","ISO/IEC 11179","Metadata Registries","","1999","ISO/IEC JTC 1/SC 32","Multi-part series; Part 1 first published 1999","Specifies how data elements are named, defined, classified and registered so that meaning survives movement between systems and organisations. It is the metadata registry model underneath national statistics offices, health data authorities and public sector registries. | Heavyweight for a product team, but if you file data to a regulator that runs an 11179 registry, its concepts (data element concept, value domain, conceptual domain) are the shape your submissions have to take.","Global","","","","","","","","DIRECT_OBSERVATION","LandscapeEntry;DataRegulationLandscapeEntry",""
"regulation:iso-25012","iso-25012","ISO/IEC 25012","Data Quality Model","","2008","ISO/IEC JTC 1/SC 7","Published 2008; part of the SQuaRE series","Defines a general data quality model with fifteen characteristics (accuracy, completeness, consistency, credibility, currentness, accessibility, compliance, confidentiality, and others), split into inherent and system-dependent views. | Useful as the dictionary behind your data quality checks: when a contract or regulation says data must be ""accurate and complete"", 25012 is where those words have an agreed definition.","Global","","","","","","","","DIRECT_OBSERVATION","LandscapeEntry;DataRegulationLandscapeEntry",""
"regulation:odrl","odrl","ODRL","Open Digital Rights Language","","2018","W3C","ODRL 2.2 W3C Recommendation (2018)","A policy expression language for permissions, prohibitions and obligations over any asset: who may use this data, for what purpose, under which constraint, and with what duty attached. | It is the vocabulary European data space initiatives use to make terms of use machine-enforceable rather than PDF-shaped. If you need to carry a purpose limitation alongside the data itself, this is the standard to reach for.","Global","","","","","","","","DIRECT_OBSERVATION","LandscapeEntry;DataRegulationLandscapeEntry",""
"regulation:dpv","dpv","DPV","Data Privacy Vocabulary","","2022","W3C Data Privacy Vocabularies and Controls CG","DPV 2.3 (2026); DPVCG report with GDPR, DGA, EHDS and AI Act extensions","A vocabulary for expressing personal data handling in machine-readable form: personal data categories, purposes, legal bases, processing operations, recipients, and the technical and organisational measures applied. | Ships with jurisdiction extensions (EU GDPR, EU AI Act, and others), which makes it the practical bridge between a records-of-processing obligation and metadata your catalogue can actually hold.","EU","","","","","","","","DIRECT_OBSERVATION","LandscapeEntry;DataRegulationLandscapeEntry",""
"regulation:opa","opa","OPA","Open Policy Agent","","2016","CNCF (graduated)","CNCF graduated project since 2021; Rego policy language","A general-purpose policy engine with its own declarative language, Rego. Policies are decoupled from the services that enforce them: the service asks OPA for a decision, OPA answers from policy and data. | The compliance value is evidence. Policy is code, decisions are logged, and ""access was denied because of clause X"" becomes a query rather than an interview.","Global","","","","","","","","DIRECT_OBSERVATION","LandscapeEntry;DataRegulationLandscapeEntry",""
"regulation:xacml","xacml","XACML","eXtensible Access Control Markup Language","","2003","OASIS","XACML 3.0 OASIS Standard (2013)","The XML policy language and reference architecture that gave attribute-based access control its vocabulary: policy decision point, policy enforcement point, policy information point. | The architecture outlived the syntax. New systems adopt the PDP/PEP split but express the policy in Rego or Cedar; you will still meet XACML in identity and healthcare platforms that standardised on it a decade ago.","Global","","","","","","","","DIRECT_OBSERVATION","LandscapeEntry;DataRegulationLandscapeEntry",""
"regulation:iso-27001","iso-27001","ISO/IEC 27001","Information Security Management Systems","","2005","ISO/IEC JTC 1/SC 27","ISO/IEC 27001:2022 current; certifiable","The requirements standard for an information security management system: scope, risk assessment, risk treatment, the Annex A control set, and the management processes that keep it alive. | It is the anchor certification of the compliance world. NIS2, DORA and sectoral supervisors do not mandate it by name, but an accredited 27001 certificate is the artefact most readily accepted as evidence that a management system exists.","Global","","","","","","","","DIRECT_OBSERVATION","LandscapeEntry;DataRegulationLandscapeEntry",""
"regulation:nist-csf","nist-csf","NIST CSF","Cybersecurity Framework 2.0","","2014","NIST","CSF 2.0 (2024); six functions including Govern","An outcome-based framework organised into six functions (Govern, Identify, Protect, Detect, Respond, Recover), each broken into categories and subcategories that describe what good looks like without prescribing how to get there. | Version 2.0 added the Govern function and dropped the critical-infrastructure framing, which is what made it usable as a general risk-communication layer above whatever control catalogue you actually implement.","US / Global","","","","","","","","DIRECT_OBSERVATION","LandscapeEntry;DataRegulationLandscapeEntry",""
"regulation:nist-rmf","nist-rmf","NIST RMF","Risk Management Framework (SP 800-37)","","2010","NIST","Revision 2 (2018)","The seven-step process (prepare, categorise, select, implement, assess, authorise, monitor) that US federal systems follow to select and authorise security controls from SP 800-53. | It is a process standard, not a control catalogue. Outside the US federal supply chain, the categorise-select-assess loop is worth borrowing even if the authorisation ceremony is not.","US","","","","","","","","DIRECT_OBSERVATION","LandscapeEntry;DataRegulationLandscapeEntry",""
"regulation:bsi-grundschutz","bsi-grundschutz","Grundschutz","BSI IT-Grundschutz","","1994","BSI (Germany)","BSI Standards 200-1, 200-2 and 200-3, with 200-4 for business continuity; Kompendium revised regularly","The German federal information security methodology: a modular catalogue of building blocks, each with concrete threats and required safeguards, plus the BSI Standards that describe the management system around them. | Its distinguishing feature is prescriptiveness: where ISO/IEC 27001 says ""assess your risk"", IT-Grundschutz hands you a baseline of measures per component. Certification is available as ISO/IEC 27001 on the basis of IT-Grundschutz.","EU / Germany","","","","","","","","DIRECT_OBSERVATION","LandscapeEntry;DataRegulationLandscapeEntry",""
"regulation:iso-27002","iso-27002","ISO/IEC 27002","Information Security Controls","","2005","ISO/IEC JTC 1/SC 27","ISO/IEC 27002:2022; 93 controls in four themes","The companion control catalogue to ISO/IEC 27001: for each control, what it is for, how to implement it, and what other guidance applies. The 2022 revision restructured 114 controls into 93 across organisational, people, physical and technological themes. | It introduced attributes (control type, security property, operational capability) so controls can be mapped to other frameworks mechanically instead of by hand.","Global","","","","","","","","DIRECT_OBSERVATION","LandscapeEntry;DataRegulationLandscapeEntry",""
"regulation:nist-800-53","nist-800-53","NIST SP 800-53","Security and Privacy Controls for Information Systems","","2005","NIST","Revision 5 (2020); patch release 5.2.0 in 2025","A catalogue of over a thousand security and privacy controls across twenty families, with baselines for low, moderate and high impact systems, published free of charge and machine-readable via OSCAL. | Even outside US federal scope it is the reference people map to when two frameworks disagree: 800-53 usually has the finer-grained control that both can point at.","US / Global","","","","","","","","DIRECT_OBSERVATION","LandscapeEntry;DataRegulationLandscapeEntry",""
"regulation:cis-controls","cis-controls","CIS Controls","CIS Critical Security Controls","","2008","Center for Internet Security","v8.1 (June 2024): 18 controls, 153 safeguards, three implementation groups","Eighteen prioritised controls with 153 safeguards, split into three implementation groups so a small organisation can implement the first group and honestly claim a baseline. | Paired with the CIS Benchmarks, the hardening configurations for operating systems, cloud services and databases that most CIS-aligned tooling actually checks against.","Global","","","","","","","","DIRECT_OBSERVATION","LandscapeEntry;DataRegulationLandscapeEntry",""
"regulation:iso-27701","iso-27701","ISO/IEC 27701","Privacy Information Management System","","2019","ISO/IEC JTC 1/SC 27","27701:2019 as a 27001 extension; 2025 revision makes it standalone","Extends an information security management system into a privacy information management system, with separate requirements for controllers and processors and a mapping annex to GDPR articles. | The GDPR mapping is the reason it matters: it turns ""we comply with GDPR"" into a set of auditable management-system requirements a certification body can actually test.","Global","","","","","","","","DIRECT_OBSERVATION","LandscapeEntry;DataRegulationLandscapeEntry",""
"regulation:iso-27018","iso-27018","ISO/IEC 27018","Protection of PII in Public Clouds","","2014","ISO/IEC JTC 1/SC 27","ISO/IEC 27018:2019","A code of practice for public cloud providers acting as processors of personally identifiable information: consent and choice, purpose limitation, disclosure to third parties, return and deletion, and transparency about sub-processors. | Every major cloud provider certifies against it, so it is more often something you inherit from a vendor than something you implement, but it is the right question to ask of any processor in the chain.","Global","","","","","","","","DIRECT_OBSERVATION","LandscapeEntry;DataRegulationLandscapeEntry",""
"regulation:nist-privacy","nist-privacy","NIST Privacy Framework","NIST Privacy Framework","","2020","NIST","Version 1.0 (2020); 1.1 in development alongside CSF 2.0","A voluntary framework structured like the Cybersecurity Framework (Identify, Govern, Control, Communicate, Protect) for managing privacy risk arising from data processing, not only from breaches. | Its useful contribution is separating privacy risk from security risk: problematic data actions can be entirely secure and still harm people. That distinction is what data minimisation and purpose limitation arguments hang on.","US / Global","","","","","","","","DIRECT_OBSERVATION","LandscapeEntry;DataRegulationLandscapeEntry",""
"regulation:iso-29100","iso-29100","ISO/IEC 29100","Privacy Framework","","2011","ISO/IEC JTC 1/SC 27","Published 2011, amended 2018","The privacy terminology and principles standard: PII, PII principal, PII controller, PII processor, and eleven privacy principles that later ISO privacy standards build on. | Still the normative source of those definitions, but as an implementation target it has been overtaken by ISO/IEC 27701 and the 27018/27550 family.","Global","","","","","","","","DIRECT_OBSERVATION","LandscapeEntry;DataRegulationLandscapeEntry",""
"regulation:mitre-attack","mitre-attack","MITRE ATT&CK","Adversarial Tactics, Techniques and Common Knowledge","","2013","MITRE","Enterprise, Mobile and ICS matrices; annual releases (v19, April 2026)","A curated knowledge base of adversary tactics and techniques observed in the wild, organised as matrices and identified by stable technique IDs. | Those IDs are the point. Detections, threat reports, purple-team exercises and supervisory incident reports can all reference the same technique, which is how you answer ""are we covered?"" with a map rather than an opinion.","Global","","","","","","","","DIRECT_OBSERVATION","LandscapeEntry;DataRegulationLandscapeEntry",""
"regulation:mitre-d3fend","mitre-d3fend","MITRE D3FEND","Defensive Countermeasures Knowledge Graph","","2021","MITRE","1.0 released January 2025; matrix at version 1.4","A knowledge graph of defensive techniques across seven tactics (model, harden, detect, isolate, deceive, evict, restore) with explicit digital artefact relationships linking each countermeasure to the offensive techniques it addresses. | Where ATT&CK tells you what attackers do, D3FEND gives you a vocabulary for what your controls actually do about it. Adoption in commercial tooling is growing but not yet the default.","Global","","","","","","","","DIRECT_OBSERVATION","LandscapeEntry;DataRegulationLandscapeEntry",""
"regulation:cwe","cwe","CWE","Common Weakness Enumeration","","2006","MITRE / CISA","Actively maintained; CWE Top 25 published annually","A hierarchical catalogue of software and hardware weakness types: the class of flaw (CWE) as distinct from the individual vulnerability instance (CVE). | Static analysis findings, penetration test reports and secure development requirements all reference CWE IDs, which makes it the join key between your scanner output and the control you claim satisfies it.","Global","","","","","","","","DIRECT_OBSERVATION","LandscapeEntry;DataRegulationLandscapeEntry",""
"regulation:capec","capec","CAPEC","Common Attack Pattern Enumeration and Classification","","2007","MITRE","Actively maintained; cross-referenced with CWE and ATT&CK","A catalogue of attack patterns, the method by which a weakness is exploited, cross-referenced to the CWE weaknesses they target and the ATT&CK techniques they realise. | It sits between the two: use it when a threat model needs to explain how a specific weakness becomes a specific technique.","Global","","","","","","","","DIRECT_OBSERVATION","LandscapeEntry;DataRegulationLandscapeEntry",""
"regulation:stix","stix","STIX","Structured Threat Information Expression","","2012","OASIS Cyber Threat Intelligence TC","STIX 2.1 OASIS Standard (2021), with errata published in 2025","A JSON data model for cyber threat intelligence: indicators, observed data, threat actors, campaigns, malware, courses of action, and the relationships between them. | Relevant to regulated entities mainly through mandated reporting and sector information-sharing schemes, where the ISAC or supervisor expects machine-readable submissions rather than email.","Global","","","","","","","","DIRECT_OBSERVATION","LandscapeEntry;DataRegulationLandscapeEntry",""
"regulation:taxii","taxii","TAXII","Trusted Automated Exchange of Intelligence Information","","2012","OASIS Cyber Threat Intelligence TC","TAXII 2.1 OASIS Standard (2021)","The HTTPS application protocol for exchanging STIX content: collections to pull from, channels to subscribe to, and the API endpoints a sharing community agrees on. | Deploy it when you join a sharing community that runs one; there is no reason to adopt it in isolation.","Global","","","","","","","","DIRECT_OBSERVATION","LandscapeEntry;DataRegulationLandscapeEntry",""
"regulation:iso-42001","iso-42001","ISO/IEC 42001","Artificial Intelligence Management System","","2023","ISO/IEC JTC 1/SC 42","Published December 2023; certifiable","A management system standard for artificial intelligence, built on the same Annex SL structure as ISO/IEC 27001: context, leadership, planning, support, operation, evaluation, improvement, with AI-specific controls covering impact assessment, data for AI systems, and lifecycle documentation. | It does not make you AI Act compliant on its own; the Act's harmonised standards are being written by CEN-CENELEC. But it is the management system regulators, customers and insurers can already audit against, and its documentation obligations line up closely with the Act's technical documentation requirements.","Global","","","","","","","","DIRECT_OBSERVATION","LandscapeEntry;DataRegulationLandscapeEntry",""
"regulation:iso-23894","iso-23894","ISO/IEC 23894","AI Risk Management Guidance","","2023","ISO/IEC JTC 1/SC 42","Published 2023","Guidance on managing risk specific to AI systems, applying the ISO 31000 risk management process to AI-specific sources of risk: data quality, model behaviour, autonomy, transparency, and human oversight. | Non-certifiable and deliberately procedural. Read it as the implementation companion when 42001 asks for an AI risk assessment and you need to decide what that actually contains.","Global","","","","","","","","DIRECT_OBSERVATION","LandscapeEntry;DataRegulationLandscapeEntry",""
"regulation:nist-ai-rmf","nist-ai-rmf","NIST AI RMF","AI Risk Management Framework","","2023","NIST","AI RMF 1.0 (2023) plus the Generative AI Profile (2024)","A voluntary framework organised into four functions (Govern, Map, Measure, Manage) for identifying and managing risks across the AI lifecycle, with a companion playbook of concrete actions. | The Generative AI Profile extends it to foundation-model risks: confabulation, data leakage, provenance, and the supply chain of models you did not train yourself.","US / Global","","","","","","","","DIRECT_OBSERVATION","LandscapeEntry;DataRegulationLandscapeEntry",""
"regulation:cen-clc-jtc21","cen-clc-jtc21","JTC 21","CEN-CENELEC JTC 21: Harmonised European Standards for AI","","2021","CEN-CENELEC JTC 21","Standardisation request under the AI Act; deliverables in progress, none yet cited in the Official Journal","The joint technical committee drafting the harmonised European standards for the EU AI Act, covering risk management, data governance and data quality, transparency, human oversight, accuracy and robustness, and conformity assessment for high-risk AI systems. | Once cited in the Official Journal, conformity with these standards gives a presumption of conformity with the corresponding AI Act requirements, which is why anyone building high-risk AI in Europe should be tracking the drafts rather than waiting.","EU","","","","","","","","DIRECT_OBSERVATION","LandscapeEntry;DataRegulationLandscapeEntry",""
"regulation:iso-5259","iso-5259","ISO/IEC 5259","Data Quality for Analytics and Machine Learning","","2024","ISO/IEC JTC 1/SC 42","Multi-part series; core parts published from 2024","A series covering data quality for analytics and machine learning: vocabulary, quality measures, management requirements, a process framework, and governance of the data used to train and evaluate models. | It is the standards work that most directly addresses what ""relevant, representative, free of errors and complete"" is supposed to mean when a regulator says it about training data.","Global","","","","","","","","DIRECT_OBSERVATION","LandscapeEntry;DataRegulationLandscapeEntry",""
"regulation:owasp-llm-top10","owasp-llm-top10","OWASP LLM Top 10","OWASP Top 10 for LLM Applications","","2023","OWASP","2025 edition (March 2025); part of the OWASP GenAI Security Project","The consensus risk list for applications built on large language models: prompt injection, sensitive information disclosure, supply chain, data and model poisoning, improper output handling, excessive agency, and more. | Directly relevant wherever an LLM touches governed data: a retrieval pipeline over regulated data inherits every one of these risks, and this is the list auditors have started asking about by name.","Global","","","","","","","","DIRECT_OBSERVATION","LandscapeEntry;DataRegulationLandscapeEntry",""
"regulation:owasp-api-top10","owasp-api-top10","OWASP API Top 10","OWASP API Security Top 10","","2019","OWASP","2023 edition","The API-specific risk list: broken object level authorisation, broken authentication, broken object property level authorisation, unrestricted resource consumption, and the rest of the failures that dominate real API breaches. | Authorisation failures top the list because APIs expose object identifiers directly, the same shape of mistake that turns a data product output port into an unintended bulk export.","Global","","","","","","","","DIRECT_OBSERVATION","LandscapeEntry;DataRegulationLandscapeEntry",""
"regulation:owasp-asvs","owasp-asvs","OWASP ASVS","Application Security Verification Standard","","2009","OWASP","Version 5.0 (2025)","A catalogue of application security requirements organised into verification levels, written so each requirement can be tested rather than asserted. | Unlike the Top 10 lists, ASVS is a requirements standard: it is what you put in a supplier contract or a definition of done when ""secure"" has to survive contact with an auditor.","Global","","","","","","","","DIRECT_OBSERVATION","LandscapeEntry;DataRegulationLandscapeEntry",""
"regulation:owasp-samm","owasp-samm","OWASP SAMM","Software Assurance Maturity Model","","2009","OWASP","Version 2 (2020)","A maturity model for secure software delivery across five business functions (governance, design, implementation, verification, operations), each with streams scored at three maturity levels. | Its purpose is direction rather than certification: measure where you are, choose the next increment, re-measure. The output is a roadmap, which is what most secure-development clauses in regulation actually expect you to have.","Global","","","","","","","","DIRECT_OBSERVATION","LandscapeEntry;DataRegulationLandscapeEntry",""
"regulation:owasp-ml-top10","owasp-ml-top10","OWASP ML Top 10","OWASP Machine Learning Security Top 10","","2023","OWASP","Draft; superseded in practice by the GenAI project for LLM work","A risk list for classical machine learning systems: input manipulation, data poisoning, model inversion, membership inference, model theft, and transfer learning attacks. | Still the better reference for a trained-in-house model that is not a language model. Treat it as a checklist rather than a standard: the document has been in draft for years.","Global","","","","","","","","DIRECT_OBSERVATION","LandscapeEntry;DataRegulationLandscapeEntry",""
"regulation:csa-ccm","csa-ccm","CSA CCM","Cloud Controls Matrix","","2010","Cloud Security Alliance","CCM v4.1: 197 control objectives in 17 domains; CAIQ and the STAR registry","A cloud-specific control framework of nearly two hundred control objectives across seventeen domains, with a shared responsibility model that says which controls belong to the provider and which to the customer. | The companion CAIQ questionnaire and the public STAR registry are what make it operationally useful: for most major cloud services, the answers already exist and can be diffed rather than requested.","Global","","","","","","","","DIRECT_OBSERVATION","LandscapeEntry;DataRegulationLandscapeEntry",""
"regulation:iso-27017","iso-27017","ISO/IEC 27017","Cloud Security Controls","","2015","ISO/IEC JTC 1/SC 27","ISO/IEC 27017:2015","A code of practice adding cloud-specific implementation guidance to the ISO/IEC 27002 controls, plus seven controls that exist only in a cloud context: shared roles, virtual machine hardening, administrator operations, monitoring, and segregation in virtual environments. | Certification is normally an extension of a 27001 audit rather than a standalone exercise.","Global","","","","","","","","DIRECT_OBSERVATION","LandscapeEntry;DataRegulationLandscapeEntry",""
"regulation:bsi-c5","bsi-c5","BSI C5","Cloud Computing Compliance Criteria Catalogue","","2016","BSI (Germany)","C5:2020: 121 criteria in 17 areas; attested under ISAE 3000","A criteria catalogue for cloud service security, assessed by an auditor and reported as an attestation rather than a certificate, so the customer receives a full report, including the auditor's findings, not just a pass mark. | The transparency criteria are the distinctive part: providers must disclose jurisdiction, data location, and the legal environment they operate under, which is exactly what a European data sovereignty review needs to see.","EU / Germany","","","","","","","","DIRECT_OBSERVATION","LandscapeEntry;DataRegulationLandscapeEntry",""
"regulation:eu-cloud-coc","eu-cloud-coc","EU Cloud CoC","EU Cloud Code of Conduct","","2021","SCOPE Europe","Approved under GDPR Article 40 (2021); monitored by SCOPE Europe","A code of conduct for cloud providers acting as processors, formally approved by the Belgian data protection authority under GDPR Article 40 with an accredited monitoring body. | Adherence is one of the mechanisms GDPR explicitly recognises for demonstrating sufficient guarantees from a processor, which makes it a lighter alternative to bespoke due diligence when it is available.","EU","","","","","","","","DIRECT_OBSERVATION","LandscapeEntry;DataRegulationLandscapeEntry",""
"regulation:soc2","soc2","SOC 2","Trust Services Criteria (SOC 2)","","2011","AICPA","Trust Services Criteria (2017, revised points of focus 2022)","An attestation report by an independent auditor against five trust services criteria: security, availability, processing integrity, confidentiality and privacy. A Type I report covers design at a point in time; Type II covers operating effectiveness over a period. | Not a certification and not a European instrument, but for SaaS vendors it is the de-facto entry ticket, and the Type II report is the evidence pack most third-party risk teams open first.","US / Global","","","","","","","","DIRECT_OBSERVATION","LandscapeEntry;DataRegulationLandscapeEntry",""
"regulation:isae-3402","isae-3402","ISAE 3402","Assurance Reports on Controls at a Service Organization","","2009","IAASB","Effective since 2011; the international counterpart to SSAE 18","The international assurance standard for reporting on controls at a service organisation that are relevant to its customers' financial reporting: the report an outsourced provider gives its clients' auditors. | Where SOC 2 answers security questions, ISAE 3402 answers the auditor's question about whether your controls can be relied on in someone else's financial statements. ISAE 3000 covers the same mechanics for non-financial subject matter, including BSI C5.","Global","","","","","","","","DIRECT_OBSERVATION","LandscapeEntry;DataRegulationLandscapeEntry",""
"regulation:spdx","spdx","SPDX","System Package Data Exchange","","2011","Linux Foundation","SPDX 3.0 (2024), 3.1 in review; version 2.2.1 published as ISO/IEC 5962:2021","A bill-of-materials standard for describing software components, licences, copyrights and security references. SPDX 3.0 generalised the model to cover builds, AI models, datasets and services alongside packages. | The dataset and AI profiles matter here: they are the closest thing to a standard way of shipping a machine-readable declaration of what data a model was trained on.","Global","","","","","","","","DIRECT_OBSERVATION","LandscapeEntry;DataRegulationLandscapeEntry",""
"regulation:cyclonedx","cyclonedx","CycloneDX","CycloneDX Bill of Materials","","2017","OWASP","CycloneDX v1.7, published as ECMA-424 (2nd edition, 2025); SBOM, SaaSBOM, ML-BOM, CBOM and VEX","A bill-of-materials standard designed for security use cases, covering software, services, hardware, machine learning models and cryptographic assets, with VEX support for stating whether a vulnerability actually affects you. | The ML-BOM and CBOM profiles are directly regulatory: one documents model and dataset provenance, the other inventories cryptography ahead of post-quantum migration mandates.","Global","","","","","","","","DIRECT_OBSERVATION","LandscapeEntry;DataRegulationLandscapeEntry",""
"regulation:slsa","slsa","SLSA","Supply-chain Levels for Software Artifacts","","2021","OpenSSF","v1.2 current, adding a source track; v1.0 released 2023","A framework of graduated levels for build integrity and provenance: what a build platform must guarantee at each of build levels L0 to L3, and what the resulting provenance attestation must say about how an artefact was produced. Version 1.2 adds a source track alongside it. | It is the concrete answer to ""prove this binary came from that source"", the requirement underneath most modern software supply chain expectations.","Global","","","","","","","","DIRECT_OBSERVATION","LandscapeEntry;DataRegulationLandscapeEntry",""
"regulation:sigstore","sigstore","Sigstore","Sigstore","","2021","OpenSSF","Production; Fulcio, Rekor and Cosign","Signing infrastructure for software artefacts using short-lived certificates tied to an OIDC identity, with signatures recorded in a public transparency log. | The keyless model is why it gets adopted: no long-lived signing key to protect, and the transparency log gives an auditor something to check independently.","Global","","","","","","","","DIRECT_OBSERVATION","LandscapeEntry;DataRegulationLandscapeEntry",""
"regulation:in-toto","in-toto","in-toto","in-toto Attestation Framework","","2016","CNCF","CNCF graduated project (2025); in-toto Attestation Framework v1.0","A framework for cryptographically verifying that every step of a software supply chain was carried out by the intended party, in the intended order, on the intended materials. | Its attestation format is the substrate SLSA provenance is carried in, so adopt it as plumbing rather than as a programme of its own.","Global","","","","","","","","DIRECT_OBSERVATION","LandscapeEntry;DataRegulationLandscapeEntry",""
"regulation:gaia-x","gaia-x","Gaia-X","Gaia-X Trust Framework","","2021","Gaia-X AISBL","Trust Framework with compliance and clearing house services","A trust framework for European data infrastructure: self-descriptions of participants, services and resources as verifiable credentials, validated against machine-readable compliance rules by clearing houses. | The idea worth borrowing regardless of your view on the initiative is that jurisdiction, data location and applicable law become attributes of a service that a machine can check, not claims in a sales deck.","EU","","","","","","","","DIRECT_OBSERVATION","LandscapeEntry;DataRegulationLandscapeEntry",""
"regulation:dataspace-protocol","dataspace-protocol","Dataspace Protocol","Dataspace Protocol","","2023","IDSA / Eclipse Dataspace Working Group","Release 2025-1; maintained by the Eclipse Dataspace Working Group","A protocol for sovereign data exchange: catalogue discovery, contract negotiation over ODRL usage policies, and a transfer process that hands off to whatever data plane the parties agree on. | It is the machinery that makes ""data stays under the provider's terms"" enforceable across organisational boundaries, and the reference protocol for EU data space implementations such as the Eclipse Dataspace Components.","EU","","","","","","","","DIRECT_OBSERVATION","LandscapeEntry;DataRegulationLandscapeEntry",""
"regulation:dssc-blueprint","dssc-blueprint","DSSC Blueprint","Data Spaces Blueprint","","2023","Data Spaces Support Centre","Blueprint 3.0, the concluding version of the DSSC project","The European Commission-funded reference blueprint for data spaces: the building blocks a data space needs for identity, trust, contracts, vocabularies, and data exchange, with the standards that fill each slot. | Read it as the index to the sector data spaces being built under the Data Governance Act and the Data Act: it tells you which specification each participating initiative expects you to implement.","EU","","","","","","","","DIRECT_OBSERVATION","LandscapeEntry;DataRegulationLandscapeEntry",""
"regulation:ids-ram","ids-ram","IDS-RAM","International Data Spaces Reference Architecture Model","","2019","International Data Spaces Association","RAM 4 is the stable edition, with 2026-1 in draft; the connector concept lives on in the Dataspace Protocol","The architecture model that introduced the data space vocabulary in Europe: connectors, identity providers, clearing houses, vocabulary hubs, and the sovereign exchange of data between them. | Its concepts survive; its own protocol layer has effectively been superseded by the Dataspace Protocol, which is where the interoperability work has moved.","EU","","","","","","","","DIRECT_OBSERVATION","LandscapeEntry;DataRegulationLandscapeEntry",""
"regulation:saml","saml","SAML","Security Assertion Markup Language","","2002","OASIS","SAML 2.0 OASIS Standard (2005)","The XML standard for exchanging authentication and authorisation assertions between an identity provider and a service provider. It is what most enterprise single sign-on still runs on. | It matters here because access control evidence starts with authentication: an auditor asking who could reach a data set is really asking which identity provider vouched for them, and what the assertion claimed.","Global","","","","","","","","DIRECT_OBSERVATION","LandscapeEntry;DataRegulationLandscapeEntry",""
"regulation:oauth2","oauth2","OAuth 2.0","OAuth 2.0 Authorization Framework","","2012","IETF","RFC 6749 with a large family of extensions","The delegated authorisation framework behind almost every modern API: a client obtains a scoped, time limited token instead of the user's credentials. | Scopes and token lifetimes are the enforcement points a control framework leans on, and token issuance logs are the evidence that least privilege was more than an intention.","Global","","","","","","","","DIRECT_OBSERVATION","LandscapeEntry;DataRegulationLandscapeEntry",""
"regulation:oidc","oidc","OpenID Connect","OpenID Connect Core","","2014","OpenID Foundation","OpenID Connect Core 1.0; widely certified","An identity layer on top of OAuth 2.0: the ID token carries verified claims about who the user is, alongside the access token that says what they may do. | Its certification programme is the practical part. Where a control requires federated identity, pointing at a certified implementation is a shorter conversation than describing your own.","Global","","","","","","","","DIRECT_OBSERVATION","LandscapeEntry;DataRegulationLandscapeEntry",""
"regulation:scim","scim","SCIM","System for Cross-domain Identity Management","","2015","IETF","SCIM 2.0 (RFC 7642, 7643, 7644)","A schema and REST protocol for provisioning and deprovisioning user accounts and groups between systems. | Deprovisioning is the audit finding it prevents. Joiner, mover and leaver controls only hold if account removal propagates automatically to every tool holding data, which is precisely what SCIM automates.","Global","","","","","","","","DIRECT_OBSERVATION","LandscapeEntry;DataRegulationLandscapeEntry",""
"regulation:did","did","DID","Decentralized Identifiers","","2022","W3C","DID Core 1.0 W3C Recommendation (2022)","Globally unique identifiers that resolve to a document describing how to authenticate the subject, without depending on a central registry. | The reason it appears on a compliance map: European data spaces and agent ecosystems both need a party to prove who it is across organisational boundaries, and a DID is the identifier those trust frameworks are built on.","Global","","","","","","","","DIRECT_OBSERVATION","LandscapeEntry;DataRegulationLandscapeEntry",""
"regulation:verifiable-credentials","verifiable-credentials","Verifiable Credentials","Verifiable Credentials Data Model","","2019","W3C","VC Data Model 2.0 W3C Recommendation","A data model for tamper evident claims that a holder can present and a verifier can check cryptographically, without contacting the issuer. | Gaia-X self descriptions and the EU digital identity wallet both rest on it. It is how an assertion such as ""this service is certified and hosted in the EU"" becomes machine checkable rather than a claim in a brochure.","Global","","","","","","","","DIRECT_OBSERVATION","LandscapeEntry;DataRegulationLandscapeEntry",""
"regulation:acp","acp","ACP","Agent Communication Protocol","","2025","Linux Foundation","Merged into A2A under the Linux Foundation (2025)","An open protocol for agents to discover each other and exchange tasks, launched by IBM Research in 2025 for the BeeAI platform and donated to the Linux Foundation with it. | Listed for completeness rather than as a target: the effort has been folding into A2A, so new work should look there first.","Global","","","","","","","","DIRECT_OBSERVATION","LandscapeEntry;DataRegulationLandscapeEntry",""
"regulation:ag-ui","ag-ui","AG-UI","Agent User Interaction Protocol","","2025","CopilotKit and the AG-UI community","Open specification with reference implementations","An event based protocol between agent backends and user facing applications, covering streaming output, tool calls, state updates and human approval steps. | Its compliance relevance is human oversight. Where the AI Act expects a person to be able to intervene, the interaction protocol is where that intervention is actually implemented and logged.","Global","","","","","","","","DIRECT_OBSERVATION","LandscapeEntry;DataRegulationLandscapeEntry",""
"regulation:ap2","ap2","AP2","Agent Payments Protocol","","2025","Google; standardisation moving to the FIDO Alliance","v0.2 (2025); open specification, early adoption","A protocol for payments initiated by agents, using signed mandates and verifiable credentials so that intent, authorisation and execution can each be proven after the fact. | Payments are where agent autonomy meets regulated ground: strong customer authentication, audit trails and liability all need an answer before an agent may spend anything. The FIDO Alliance has taken up the standardisation work through its agentic authentication and payments working groups.","Global","","","","","","","","DIRECT_OBSERVATION","LandscapeEntry;DataRegulationLandscapeEntry",""
"mapping:csa-ccm-to-nist-csf","csa-ccm-to-nist-csf","CSA CCM to NIST CSF mapping","","","","","","","","Cloud Security Alliance","https://cloudsecurityalliance.org/research/cloud-controls-matrix","4.1","PUBLISHED","","","","OFFICIAL_SOURCE","ComplianceMapping",""
"mapping:csa-ccm-to-iso-27001","csa-ccm-to-iso-27001","CSA CCM to ISO/IEC 27001 mapping","","","","","","","","Cloud Security Alliance","https://cloudsecurityalliance.org/research/cloud-controls-matrix","4.1","PUBLISHED","","","","OFFICIAL_SOURCE","ComplianceMapping",""
"mapping:eu-cloud-coc-to-gdpr","eu-cloud-coc-to-gdpr","EU Cloud CoC to GDPR mapping","","","","","","","","European Data Protection Board and Belgian Data Protection Authority","https://www.autoriteprotectiondonnees.be/index.php/lautorite-de-protection-des-donnees-approuve-son-premier-code-de-conduite-europeen","2021 approved code","PUBLISHED","","","","OFFICIAL_SOURCE","ComplianceMapping",""
"component-mapping:data-product-definition-odps","data-product-definition-odps","Data product definition to ODPS mapping","","","","","","ODPS is a candidate implementation option for data product definition; selection remains subject to the pipeline's requirements and constraints.","","","https://github.com/bitol-io/open-data-product-standard | https://bitol.io","","","","","","CURATED_DESIGN_MAPPING","ComponentImplementationMapping",""
"component-mapping:data-contract-definition-odcs","data-contract-definition-odcs","Data contract definition to ODCS mapping","","","","","","ODCS is a candidate implementation option for data contract definition; selection remains subject to the pipeline's requirements and constraints.","","","https://bitol.io | https://github.com/bitol-io/open-data-contract-standard | https://bitol-io.github.io/open-data-contract-standard/latest/ | https://github.com/datacontract/datacontract-cli","","","","","","CURATED_DESIGN_MAPPING","ComponentImplementationMapping",""
"component-mapping:semantic-description-ossie","semantic-description-ossie","Semantic description to Ossie mapping","","","","","","Ossie is a candidate implementation option for semantic description; selection remains subject to the pipeline's requirements and constraints.","","","https://ossie.apache.org | https://github.com/apache/ossie | https://ossie.apache.org/updates/ossie-enters-apache-incubator/","","","","","","CURATED_DESIGN_MAPPING","ComponentImplementationMapping",""
"component-mapping:trigger-invocation-cloudevents","trigger-invocation-cloudevents","Trigger invocation to CloudEvents mapping","","","","","","CloudEvents is a candidate implementation option for trigger invocation; selection remains subject to the pipeline's requirements and constraints.","","","https://cloudevents.io | https://github.com/cloudevents/spec","","","","","","CURATED_DESIGN_MAPPING","ComponentImplementationMapping",""
"component-mapping:workload-planning-airflow","workload-planning-airflow","Workload planning to Apache Airflow mapping","","","","","","Apache Airflow is a candidate implementation option for workload planning; selection remains subject to the pipeline's requirements and constraints.","","","https://airflow.apache.org/docs/apache-airflow/stable/index.html","","","","","","CURATED_DESIGN_MAPPING","ComponentImplementationMapping",""
"component-mapping:workload-planning-prefect","workload-planning-prefect","Workload planning to Prefect mapping","","","","","","Prefect is a candidate implementation option for workload planning; selection remains subject to the pipeline's requirements and constraints.","","","https://docs.prefect.io/v3/","","","","","","CURATED_DESIGN_MAPPING","ComponentImplementationMapping",""
"component-mapping:workload-planning-temporal","workload-planning-temporal","Workload planning to Temporal mapping","","","","","","Temporal is a candidate implementation option for workload planning; selection remains subject to the pipeline's requirements and constraints.","","","https://docs.temporal.io/","","","","","","CURATED_DESIGN_MAPPING","ComponentImplementationMapping",""
"component-mapping:secure-read-access-opa","secure-read-access-opa","Secure read access to OPA mapping","","","","","","OPA is a candidate implementation option for secure read access; selection remains subject to the pipeline's requirements and constraints.","","","https://www.openpolicyagent.org","","","","","","CURATED_DESIGN_MAPPING","ComponentImplementationMapping",""
"component-mapping:source-connectivity-adbc","source-connectivity-adbc","Source connectivity to ADBC mapping","","","","","","ADBC is a candidate implementation option for source connectivity; selection remains subject to the pipeline's requirements and constraints.","","","https://arrow.apache.org/adbc/","","","","","","CURATED_DESIGN_MAPPING","ComponentImplementationMapping",""
"component-mapping:source-connectivity-jdbc","source-connectivity-jdbc","Source connectivity to JDBC mapping","","","","","","JDBC is a candidate implementation option for source connectivity; selection remains subject to the pipeline's requirements and constraints.","","","https://docs.oracle.com/javase/tutorial/jdbc/","","","","","","CURATED_DESIGN_MAPPING","ComponentImplementationMapping",""
"component-mapping:source-connectivity-odbc","source-connectivity-odbc","Source connectivity to ODBC mapping","","","","","","ODBC is a candidate implementation option for source connectivity; selection remains subject to the pipeline's requirements and constraints.","","","https://www.iso.org/standard/76585.html | https://learn.microsoft.com/en-us/sql/odbc/reference/odbc-overview","","","","","","CURATED_DESIGN_MAPPING","ComponentImplementationMapping",""
"component-mapping:source-connectivity-http","source-connectivity-http","Source connectivity to HTTP mapping","","","","","","HTTP is a candidate implementation option for source connectivity; selection remains subject to the pipeline's requirements and constraints.","","","https://www.rfc-editor.org/rfc/rfc9110","","","","","","CURATED_DESIGN_MAPPING","ComponentImplementationMapping",""
"component-mapping:workload-execution-orchestration-airflow","workload-execution-orchestration-airflow","Workload execution/orchestration to Apache Airflow mapping","","","","","","Apache Airflow is a candidate implementation option for workload execution/orchestration; selection remains subject to the pipeline's requirements and constraints.","","","https://airflow.apache.org/docs/apache-airflow/stable/index.html","","","","","","CURATED_DESIGN_MAPPING","ComponentImplementationMapping",""
"component-mapping:workload-execution-orchestration-prefect","workload-execution-orchestration-prefect","Workload execution/orchestration to Prefect mapping","","","","","","Prefect is a candidate implementation option for workload execution/orchestration; selection remains subject to the pipeline's requirements and constraints.","","","https://docs.prefect.io/v3/","","","","","","CURATED_DESIGN_MAPPING","ComponentImplementationMapping",""
"component-mapping:workload-execution-orchestration-temporal","workload-execution-orchestration-temporal","Workload execution/orchestration to Temporal mapping","","","","","","Temporal is a candidate implementation option for workload execution/orchestration; selection remains subject to the pipeline's requirements and constraints.","","","https://docs.temporal.io/","","","","","","CURATED_DESIGN_MAPPING","ComponentImplementationMapping",""
"component-mapping:workload-execution-orchestration-dbt","workload-execution-orchestration-dbt","Workload execution/orchestration to dbt mapping","","","","","","dbt is a candidate implementation option for workload execution/orchestration; selection remains subject to the pipeline's requirements and constraints.","","","https://www.getdbt.com","","","","","","CURATED_DESIGN_MAPPING","ComponentImplementationMapping",""
"component-mapping:state-and-idempotency-airflow","state-and-idempotency-airflow","State and idempotency to Apache Airflow mapping","","","","","","Apache Airflow is a candidate implementation option for state and idempotency; selection remains subject to the pipeline's requirements and constraints.","","","https://airflow.apache.org/docs/apache-airflow/stable/index.html","","","","","","CURATED_DESIGN_MAPPING","ComponentImplementationMapping",""
"component-mapping:state-and-idempotency-prefect","state-and-idempotency-prefect","State and idempotency to Prefect mapping","","","","","","Prefect is a candidate implementation option for state and idempotency; selection remains subject to the pipeline's requirements and constraints.","","","https://docs.prefect.io/v3/","","","","","","CURATED_DESIGN_MAPPING","ComponentImplementationMapping",""
"component-mapping:state-and-idempotency-temporal","state-and-idempotency-temporal","State and idempotency to Temporal mapping","","","","","","Temporal is a candidate implementation option for state and idempotency; selection remains subject to the pipeline's requirements and constraints.","","","https://docs.temporal.io/","","","","","","CURATED_DESIGN_MAPPING","ComponentImplementationMapping",""
"component-mapping:validation-and-contract-binding-odcs","validation-and-contract-binding-odcs","Validation and contract binding to ODCS mapping","","","","","","ODCS is a candidate implementation option for validation and contract binding; selection remains subject to the pipeline's requirements and constraints.","","","https://bitol.io | https://github.com/bitol-io/open-data-contract-standard | https://bitol-io.github.io/open-data-contract-standard/latest/ | https://github.com/datacontract/datacontract-cli","","","","","","CURATED_DESIGN_MAPPING","ComponentImplementationMapping",""
"component-mapping:validation-and-contract-binding-dbt-tests","validation-and-contract-binding-dbt-tests","Validation and contract binding to dbt tests mapping","","","","","","dbt tests is a candidate implementation option for validation and contract binding; selection remains subject to the pipeline's requirements and constraints.","","","https://docs.getdbt.com/docs/build/data-tests","","","","","","CURATED_DESIGN_MAPPING","ComponentImplementationMapping",""
"component-mapping:failure-isolation-airflow","failure-isolation-airflow","Failure isolation to Apache Airflow mapping","","","","","","Apache Airflow is a candidate implementation option for failure isolation; selection remains subject to the pipeline's requirements and constraints.","","","https://airflow.apache.org/docs/apache-airflow/stable/index.html","","","","","","CURATED_DESIGN_MAPPING","ComponentImplementationMapping",""
"component-mapping:failure-isolation-prefect","failure-isolation-prefect","Failure isolation to Prefect mapping","","","","","","Prefect is a candidate implementation option for failure isolation; selection remains subject to the pipeline's requirements and constraints.","","","https://docs.prefect.io/v3/","","","","","","CURATED_DESIGN_MAPPING","ComponentImplementationMapping",""
"component-mapping:failure-isolation-temporal","failure-isolation-temporal","Failure isolation to Temporal mapping","","","","","","Temporal is a candidate implementation option for failure isolation; selection remains subject to the pipeline's requirements and constraints.","","","https://docs.temporal.io/","","","","","","CURATED_DESIGN_MAPPING","ComponentImplementationMapping",""
"component-mapping:secure-write-access-opa","secure-write-access-opa","Secure write access to OPA mapping","","","","","","OPA is a candidate implementation option for secure write access; selection remains subject to the pipeline's requirements and constraints.","","","https://www.openpolicyagent.org","","","","","","CURATED_DESIGN_MAPPING","ComponentImplementationMapping",""
"component-mapping:metadata-registration-iceberg-catalog","metadata-registration-iceberg-catalog","Metadata registration to Iceberg Catalog mapping","","","","","","Iceberg Catalog is a candidate implementation option for metadata registration; selection remains subject to the pipeline's requirements and constraints.","","","https://iceberg.apache.org/terms/#catalog","","","","","","CURATED_DESIGN_MAPPING","ComponentImplementationMapping",""
"component-mapping:store-write-data-product-iceberg","store-write-data-product-iceberg","Store/write data product to Iceberg mapping","","","","","","Iceberg is a candidate implementation option for store/write data product; selection remains subject to the pipeline's requirements and constraints.","","","https://iceberg.apache.org","","","","","","CURATED_DESIGN_MAPPING","ComponentImplementationMapping",""
"component-mapping:store-write-data-product-delta","store-write-data-product-delta","Store/write data product to Delta mapping","","","","","","Delta is a candidate implementation option for store/write data product; selection remains subject to the pipeline's requirements and constraints.","","","https://delta.io","","","","","","CURATED_DESIGN_MAPPING","ComponentImplementationMapping",""
"component-mapping:store-write-data-product-hudi","store-write-data-product-hudi","Store/write data product to Hudi mapping","","","","","","Hudi is a candidate implementation option for store/write data product; selection remains subject to the pipeline's requirements and constraints.","","","https://hudi.apache.org","","","","","","CURATED_DESIGN_MAPPING","ComponentImplementationMapping",""
"component-regulatory:secure-read-access-gdpr","secure-read-access-gdpr","Secure read access to GDPR context","","","","","","Secure read access is a direct technical means for restricting who may access personal data and for supporting confidentiality controls; applicability and the appropriate measures remain context- and risk-dependent.","","Entropy Data","https://eur-lex.europa.eu/eli/reg/2016/679/oj/eng","Regulation (EU) 2016/679","REVIEWED","","","","CURATED_REGULATORY_RELEVANCE","ComponentRegulatoryMapping","GDPR Article 32(1)(b), 32(2) and 32(4)"
"component-regulatory:secure-read-access-hipaa","secure-read-access-hipaa","Secure read access to HIPAA context","","","","","","Secure read access is a direct technical means for the HIPAA Security Rule access-control standard that allows access to ePHI only by authorised persons.","","Entropy Data","https://www.hhs.gov/hipaa/for-professionals/security/laws-regulations/index.html","HIPAA Security Rule currently in effect","REVIEWED","","","","CURATED_REGULATORY_RELEVANCE","ComponentRegulatoryMapping","45 CFR 164.312(a)(1) — Access control"
"component-regulatory:secure-read-access-nist-800-53","secure-read-access-nist-800-53","Secure read access to NIST SP 800-53 context","","","","","","Secure read access is a direct technical means for enforcing approved authorisations for logical access to information and system resources; selecting and configuring the policy remains an organisational control decision.","","Entropy Data","https://doi.org/10.6028/NIST.SP.800-53r5","NIST SP 800-53 Revision 5","REVIEWED","","","","CURATED_REGULATORY_RELEVANCE","ComponentRegulatoryMapping","NIST SP 800-53 Rev. 5 AC-3 — Access Enforcement"
"component-regulatory:secure-write-access-gdpr","secure-write-access-gdpr","Secure write access to GDPR context","","","","","","Secure write access is a direct technical means for protecting personal data against unauthorised alteration and for supporting integrity controls; it is only one part of the required technical and organisational measures.","","Entropy Data","https://eur-lex.europa.eu/eli/reg/2016/679/oj/eng","Regulation (EU) 2016/679","REVIEWED","","","","CURATED_REGULATORY_RELEVANCE","ComponentRegulatoryMapping","GDPR Article 32(1)(b) and 32(2)"
"component-regulatory:secure-write-access-hipaa","secure-write-access-hipaa","Secure write access to HIPAA context","","","","","","Secure write access is a direct technical means for protecting ePHI from improper alteration or destruction under the HIPAA Security Rule integrity standard.","","Entropy Data","https://www.hhs.gov/hipaa/for-professionals/compliance-enforcement/audit/protocol/index.html","HIPAA Audit Protocol, updated July 2018","REVIEWED","","","","CURATED_REGULATORY_RELEVANCE","ComponentRegulatoryMapping","45 CFR 164.312(c)(1) — Integrity"
"component-regulatory:secure-write-access-nist-800-53","secure-write-access-nist-800-53","Secure write access to NIST SP 800-53 context","","","","","","Secure write access is a direct technical means for detecting and protecting against unauthorised changes to information; integrity monitoring and write controls still require policy selection and operational evidence.","","Entropy Data","https://doi.org/10.6028/NIST.SP.800-53r5","NIST SP 800-53 Revision 5","REVIEWED","","","","CURATED_REGULATORY_RELEVANCE","ComponentRegulatoryMapping","NIST SP 800-53 Rev. 5 SI-7 — Software, Firmware, and Information Integrity"
"component-regulatory:validation-and-contract-binding-nist-800-53","validation-and-contract-binding-nist-800-53","Validation and contract binding to NIST SP 800-53 context","","","","","","Validation and contract binding are a direct technical means for checking information inputs and handling invalid inputs predictably; a contract implementation must still select and enforce the applicable constraints.","","Entropy Data","https://doi.org/10.6028/NIST.SP.800-53r5","NIST SP 800-53 Revision 5","REVIEWED","","","","CURATED_REGULATORY_RELEVANCE","ComponentRegulatoryMapping","NIST SP 800-53 Rev. 5 SI-10 — Information Input Validation"
"component-regulatory:validation-and-contract-binding-bcbs-239","validation-and-contract-binding-bcbs-239","Validation and contract binding to BCBS 239 context","","","","","","Validation and contract binding are a direct technical means for checking accuracy and integrity constraints on risk and reporting data; BCBS 239 still expects broader governance, aggregation and reporting controls beyond pipeline validation.","","Entropy Data","https://www.bis.org/publ/bcbs239.htm","BCBS 239 (January 2013)","REVIEWED","","","","CURATED_REGULATORY_RELEVANCE","ComponentRegulatoryMapping","BCBS 239 Principle 3 — Accuracy and integrity"
"component-regulatory:metadata-registration-gdpr","metadata-registration-gdpr","Metadata registration to GDPR context","","","","","","Metadata registration is a direct technical means for capturing purposes, data categories, recipients, transfers, retention and security measures needed for records of processing; a catalogue record is not automatically a complete Article 30 record.","","Entropy Data","https://eur-lex.europa.eu/eli/reg/2016/679/oj/eng","Regulation (EU) 2016/679","REVIEWED","","","","CURATED_REGULATORY_RELEVANCE","ComponentRegulatoryMapping","GDPR Article 30 — Records of processing activities"
"component-regulatory:metadata-registration-iso-11179","metadata-registration-iso-11179","Metadata registration to ISO/IEC 11179 context","","","","","","Metadata registration directly aligns with the ISO/IEC 11179 metadata-registry family, including registration of dataset metadata, provenance, quality, fitness and risk information.","","Entropy Data","https://www.iso.org/standard/81725.html","ISO/IEC 11179-33:2023","REVIEWED","","","","CURATED_REGULATORY_RELEVANCE","ComponentRegulatoryMapping","ISO/IEC 11179-33:2023 — Metamodel for data set registration"
"component-regulatory:metadata-registration-bcbs-239","metadata-registration-bcbs-239","Metadata registration to BCBS 239 context","","","","","","Metadata registration is a direct technical means for documenting ownership, lineage, definitions and quality characteristics required by a coherent risk-data architecture; BCBS 239 does not prescribe a specific registry product.","","Entropy Data","https://www.bis.org/publ/bcbs239.htm","BCBS 239 (January 2013)","REVIEWED","","","","CURATED_REGULATORY_RELEVANCE","ComponentRegulatoryMapping","BCBS 239 Principle 2 — Data architecture and IT infrastructure"
"component-regulatory:failure-isolation-nist-800-53","failure-isolation-nist-800-53","Failure isolation to NIST SP 800-53 context","","","","","","Failure isolation is a direct technical means for limiting the impact of predictable component failures and for supporting controlled failure handling; NIST SI-13 still requires organisational failure analysis and recovery planning beyond isolation alone.","","Entropy Data","https://doi.org/10.6028/NIST.SP.800-53r5","NIST SP 800-53 Revision 5","REVIEWED","","","","CURATED_REGULATORY_RELEVANCE","ComponentRegulatoryMapping","NIST SP 800-53 Rev. 5 SI-13 — Predictable Failure Prevention"
