:START_ID,:END_ID,:TYPE,evidenceStatus
standard-category:ai-interfaces,standard-section:operations,BROADER,DIRECT_OBSERVATION
standard-category:catalog-apis,standard-section:discovery,BROADER,DIRECT_OBSERVATION
standard-category:contracts,standard-section:definition,BROADER,DIRECT_OBSERVATION
standard-category:data-products,standard-section:definition,BROADER,DIRECT_OBSERVATION
standard-category:data-quality,standard-section:operations,BROADER,DIRECT_OBSERVATION
standard-category:database-connectivity,standard-section:movement,BROADER,DIRECT_OBSERVATION
standard-category:file-formats,standard-section:storage,BROADER,DIRECT_OBSERVATION
standard-category:in-memory-format,standard-section:transformation,BROADER,DIRECT_OBSERVATION
standard-category:interconnection,standard-section:movement,BROADER,DIRECT_OBSERVATION
standard-category:lineage,standard-section:discovery,BROADER,DIRECT_OBSERVATION
standard-category:messaging,standard-section:movement,BROADER,DIRECT_OBSERVATION
standard-category:observability,standard-section:operations,BROADER,DIRECT_OBSERVATION
standard-category:open-table-formats,standard-section:storage,BROADER,DIRECT_OBSERVATION
standard-category:policies,standard-section:operations,BROADER,DIRECT_OBSERVATION
standard-category:processing,standard-section:transformation,BROADER,DIRECT_OBSERVATION
standard-category:query,standard-section:operations,BROADER,DIRECT_OBSERVATION
standard-category:schema,standard-section:definition,BROADER,DIRECT_OBSERVATION
standard-category:semantics,standard-section:definition,BROADER,DIRECT_OBSERVATION
standard-category:storage-systems,standard-section:storage,BROADER,DIRECT_OBSERVATION
regulation-category:eu-data-and-ai-acts,regulation-section:law,BROADER,DIRECT_OBSERVATION
regulation-category:eu-resilience-and-security-acts,regulation-section:law,BROADER,DIRECT_OBSERVATION
regulation-category:global-and-sector-regulation,regulation-section:law,BROADER,DIRECT_OBSERVATION
regulation-category:data-management-frameworks,regulation-section:governance,BROADER,DIRECT_OBSERVATION
regulation-category:metadata-and-quality,regulation-section:governance,BROADER,DIRECT_OBSERVATION
regulation-category:usage-policy-and-rights,regulation-section:governance,BROADER,DIRECT_OBSERVATION
regulation-category:management-systems,regulation-section:security,BROADER,DIRECT_OBSERVATION
regulation-category:security-controls,regulation-section:security,BROADER,DIRECT_OBSERVATION
regulation-category:privacy,regulation-section:security,BROADER,DIRECT_OBSERVATION
regulation-category:threat-intelligence,regulation-section:security,BROADER,DIRECT_OBSERVATION
regulation-category:identity-and-access,regulation-section:identity,BROADER,DIRECT_OBSERVATION
regulation-category:agent-identity-and-trust,regulation-section:identity,BROADER,DIRECT_OBSERVATION
regulation-category:agent-interaction,regulation-section:identity,BROADER,DIRECT_OBSERVATION
regulation-category:ai-governance,regulation-section:ai,BROADER,DIRECT_OBSERVATION
regulation-category:application-and-api-security,regulation-section:ai,BROADER,DIRECT_OBSERVATION
regulation-category:cloud-and-certification,regulation-section:assurance,BROADER,DIRECT_OBSERVATION
regulation-category:audit-and-attestation,regulation-section:assurance,BROADER,DIRECT_OBSERVATION
regulation-category:software-supply-chain,regulation-section:assurance,BROADER,DIRECT_OBSERVATION
regulation-category:data-spaces-and-sovereignty,regulation-section:assurance,BROADER,DIRECT_OBSERVATION
pattern-type:batch-file-ingestion,module-type:define,HAS_MODULE,MODELLED_VOCABULARY
pattern-type:batch-file-ingestion,module-type:trigger,HAS_MODULE,MODELLED_VOCABULARY
pattern-type:batch-file-ingestion,module-type:orchestrate,HAS_MODULE,MODELLED_VOCABULARY
pattern-type:batch-file-ingestion,module-type:govern,HAS_MODULE,MODELLED_VOCABULARY
pattern-type:batch-file-ingestion,module-type:store,HAS_MODULE,MODELLED_VOCABULARY
pattern-type:api-pull-ingestion,module-type:define,HAS_MODULE,MODELLED_VOCABULARY
pattern-type:api-pull-ingestion,module-type:trigger,HAS_MODULE,MODELLED_VOCABULARY
pattern-type:api-pull-ingestion,module-type:orchestrate,HAS_MODULE,MODELLED_VOCABULARY
pattern-type:api-pull-ingestion,module-type:govern,HAS_MODULE,MODELLED_VOCABULARY
pattern-type:api-pull-ingestion,module-type:store,HAS_MODULE,MODELLED_VOCABULARY
pattern-type:event-driven-ingestion,module-type:define,HAS_MODULE,MODELLED_VOCABULARY
pattern-type:event-driven-ingestion,module-type:trigger,HAS_MODULE,MODELLED_VOCABULARY
pattern-type:event-driven-ingestion,module-type:orchestrate,HAS_MODULE,MODELLED_VOCABULARY
pattern-type:event-driven-ingestion,module-type:govern,HAS_MODULE,MODELLED_VOCABULARY
pattern-type:event-driven-ingestion,module-type:store,HAS_MODULE,MODELLED_VOCABULARY
pattern-type:database-cdc-ingestion,module-type:define,HAS_MODULE,MODELLED_VOCABULARY
pattern-type:database-cdc-ingestion,module-type:trigger,HAS_MODULE,MODELLED_VOCABULARY
pattern-type:database-cdc-ingestion,module-type:orchestrate,HAS_MODULE,MODELLED_VOCABULARY
pattern-type:database-cdc-ingestion,module-type:govern,HAS_MODULE,MODELLED_VOCABULARY
pattern-type:database-cdc-ingestion,module-type:store,HAS_MODULE,MODELLED_VOCABULARY
pattern-type:object-store-replication,module-type:define,HAS_MODULE,MODELLED_VOCABULARY
pattern-type:object-store-replication,module-type:trigger,HAS_MODULE,MODELLED_VOCABULARY
pattern-type:object-store-replication,module-type:orchestrate,HAS_MODULE,MODELLED_VOCABULARY
pattern-type:object-store-replication,module-type:govern,HAS_MODULE,MODELLED_VOCABULARY
pattern-type:object-store-replication,module-type:store,HAS_MODULE,MODELLED_VOCABULARY
pattern-type:table-format-streaming,module-type:define,HAS_MODULE,MODELLED_VOCABULARY
pattern-type:table-format-streaming,module-type:trigger,HAS_MODULE,MODELLED_VOCABULARY
pattern-type:table-format-streaming,module-type:orchestrate,HAS_MODULE,MODELLED_VOCABULARY
pattern-type:table-format-streaming,module-type:govern,HAS_MODULE,MODELLED_VOCABULARY
pattern-type:table-format-streaming,module-type:store,HAS_MODULE,MODELLED_VOCABULARY
module-type:define,component-type:data-product-definition,HAS_COMPONENT,MODELLED_VOCABULARY
module-type:define,component-type:data-contract-definition,HAS_COMPONENT,MODELLED_VOCABULARY
module-type:define,component-type:semantic-description,HAS_COMPONENT,MODELLED_VOCABULARY
module-type:trigger,component-type:trigger-invocation,HAS_COMPONENT,MODELLED_VOCABULARY
module-type:trigger,component-type:workload-planning,HAS_COMPONENT,MODELLED_VOCABULARY
module-type:orchestrate,component-type:secure-read-access,HAS_COMPONENT,MODELLED_VOCABULARY
module-type:orchestrate,component-type:source-connectivity,HAS_COMPONENT,MODELLED_VOCABULARY
module-type:orchestrate,component-type:workload-execution-orchestration,HAS_COMPONENT,MODELLED_VOCABULARY
module-type:orchestrate,component-type:lineage-emission,HAS_COMPONENT,MODELLED_VOCABULARY
module-type:govern,component-type:state-and-idempotency,HAS_COMPONENT,MODELLED_VOCABULARY
module-type:govern,component-type:validation-and-contract-binding,HAS_COMPONENT,MODELLED_VOCABULARY
module-type:govern,component-type:failure-isolation,HAS_COMPONENT,MODELLED_VOCABULARY
module-type:store,component-type:secure-write-access,HAS_COMPONENT,MODELLED_VOCABULARY
module-type:store,component-type:metadata-registration,HAS_COMPONENT,MODELLED_VOCABULARY
module-type:store,component-type:store-write-data-product,HAS_COMPONENT,MODELLED_VOCABULARY
standard:sql,standard-category:query,IN_STANDARD_CATEGORY,DIRECT_OBSERVATION
standard:sql,assessment:sql,HAS_ASSESSMENT,DIRECT_OBSERVATION
assessment:sql,standard:sql,ASSESSES,DIRECT_OBSERVATION
assessment:sql,judgement:adopt,JUDGED_AS,DIRECT_OBSERVATION
assessment:sql,tier:stable,HAS_TIER,DIRECT_OBSERVATION
standard:sql,governance:formal-standard,HAS_GOVERNANCE_TYPE,DIRECT_OBSERVATION
standard:mdx,standard-category:query,IN_STANDARD_CATEGORY,DIRECT_OBSERVATION
standard:mdx,assessment:mdx,HAS_ASSESSMENT,DIRECT_OBSERVATION
assessment:mdx,standard:mdx,ASSESSES,DIRECT_OBSERVATION
assessment:mdx,judgement:caution,JUDGED_AS,DIRECT_OBSERVATION
assessment:mdx,tier:legacy,HAS_TIER,DIRECT_OBSERVATION
standard:mdx,governance:vendor-led,HAS_GOVERNANCE_TYPE,DIRECT_OBSERVATION
standard:substrait,standard-category:query,IN_STANDARD_CATEGORY,DIRECT_OBSERVATION
standard:substrait,assessment:substrait,HAS_ASSESSMENT,DIRECT_OBSERVATION
assessment:substrait,standard:substrait,ASSESSES,DIRECT_OBSERVATION
assessment:substrait,judgement:situational,JUDGED_AS,DIRECT_OBSERVATION
assessment:substrait,tier:stable,HAS_TIER,DIRECT_OBSERVATION
assessment:substrait,tier:niche,HAS_TIER,DIRECT_OBSERVATION
standard:substrait,governance:foundation,HAS_GOVERNANCE_TYPE,DIRECT_OBSERVATION
standard:opentelemetry,standard-category:observability,IN_STANDARD_CATEGORY,DIRECT_OBSERVATION
standard:opentelemetry,assessment:opentelemetry,HAS_ASSESSMENT,DIRECT_OBSERVATION
assessment:opentelemetry,standard:opentelemetry,ASSESSES,DIRECT_OBSERVATION
assessment:opentelemetry,judgement:adopt,JUDGED_AS,DIRECT_OBSERVATION
assessment:opentelemetry,tier:stable,HAS_TIER,DIRECT_OBSERVATION
standard:opentelemetry,governance:foundation,HAS_GOVERNANCE_TYPE,DIRECT_OBSERVATION
standard:oors,standard-category:observability,IN_STANDARD_CATEGORY,DIRECT_OBSERVATION
standard:oors,assessment:oors,HAS_ASSESSMENT,DIRECT_OBSERVATION
assessment:oors,standard:oors,ASSESSES,DIRECT_OBSERVATION
assessment:oors,judgement:assess,JUDGED_AS,DIRECT_OBSERVATION
assessment:oors,tier:emerging,HAS_TIER,DIRECT_OBSERVATION
standard:oors,governance:foundation,HAS_GOVERNANCE_TYPE,DIRECT_OBSERVATION
standard:odcs,standard-category:contracts,IN_STANDARD_CATEGORY,DIRECT_OBSERVATION
standard:odcs,assessment:odcs,HAS_ASSESSMENT,DIRECT_OBSERVATION
assessment:odcs,standard:odcs,ASSESSES,DIRECT_OBSERVATION
assessment:odcs,judgement:adopt,JUDGED_AS,DIRECT_OBSERVATION
assessment:odcs,tier:stable,HAS_TIER,DIRECT_OBSERVATION
standard:odcs,governance:foundation,HAS_GOVERNANCE_TYPE,DIRECT_OBSERVATION
standard:openapi,standard-category:contracts,IN_STANDARD_CATEGORY,DIRECT_OBSERVATION
standard:openapi,assessment:openapi,HAS_ASSESSMENT,DIRECT_OBSERVATION
assessment:openapi,standard:openapi,ASSESSES,DIRECT_OBSERVATION
assessment:openapi,judgement:adopt,JUDGED_AS,DIRECT_OBSERVATION
assessment:openapi,tier:stable,HAS_TIER,DIRECT_OBSERVATION
standard:openapi,governance:foundation,HAS_GOVERNANCE_TYPE,DIRECT_OBSERVATION
standard:asyncapi,standard-category:contracts,IN_STANDARD_CATEGORY,DIRECT_OBSERVATION
standard:asyncapi,assessment:asyncapi,HAS_ASSESSMENT,DIRECT_OBSERVATION
assessment:asyncapi,standard:asyncapi,ASSESSES,DIRECT_OBSERVATION
assessment:asyncapi,judgement:adopt,JUDGED_AS,DIRECT_OBSERVATION
assessment:asyncapi,tier:stable,HAS_TIER,DIRECT_OBSERVATION
standard:asyncapi,governance:foundation,HAS_GOVERNANCE_TYPE,DIRECT_OBSERVATION
standard:graphql,standard-category:contracts,IN_STANDARD_CATEGORY,DIRECT_OBSERVATION
standard:graphql,assessment:graphql,HAS_ASSESSMENT,DIRECT_OBSERVATION
assessment:graphql,standard:graphql,ASSESSES,DIRECT_OBSERVATION
assessment:graphql,judgement:adopt,JUDGED_AS,DIRECT_OBSERVATION
assessment:graphql,tier:stable,HAS_TIER,DIRECT_OBSERVATION
standard:graphql,governance:foundation,HAS_GOVERNANCE_TYPE,DIRECT_OBSERVATION
standard:grpc,standard-category:contracts,IN_STANDARD_CATEGORY,DIRECT_OBSERVATION
standard:grpc,assessment:grpc,HAS_ASSESSMENT,DIRECT_OBSERVATION
assessment:grpc,standard:grpc,ASSESSES,DIRECT_OBSERVATION
assessment:grpc,judgement:situational,JUDGED_AS,DIRECT_OBSERVATION
assessment:grpc,tier:stable,HAS_TIER,DIRECT_OBSERVATION
standard:grpc,governance:foundation,HAS_GOVERNANCE_TYPE,DIRECT_OBSERVATION
standard:dbt,standard-category:processing,IN_STANDARD_CATEGORY,DIRECT_OBSERVATION
standard:dbt,assessment:dbt,HAS_ASSESSMENT,DIRECT_OBSERVATION
assessment:dbt,standard:dbt,ASSESSES,DIRECT_OBSERVATION
assessment:dbt,judgement:adopt,JUDGED_AS,DIRECT_OBSERVATION
assessment:dbt,tier:vendor,HAS_TIER,DIRECT_OBSERVATION
standard:dbt,governance:vendor-led,HAS_GOVERNANCE_TYPE,DIRECT_OBSERVATION
standard:great-expectations,standard-category:data-quality,IN_STANDARD_CATEGORY,DIRECT_OBSERVATION
standard:great-expectations,assessment:great-expectations,HAS_ASSESSMENT,DIRECT_OBSERVATION
assessment:great-expectations,standard:great-expectations,ASSESSES,DIRECT_OBSERVATION
assessment:great-expectations,judgement:situational,JUDGED_AS,DIRECT_OBSERVATION
assessment:great-expectations,tier:vendor,HAS_TIER,DIRECT_OBSERVATION
standard:great-expectations,governance:vendor-led,HAS_GOVERNANCE_TYPE,DIRECT_OBSERVATION
standard:dbt-tests,standard-category:data-quality,IN_STANDARD_CATEGORY,DIRECT_OBSERVATION
standard:dbt-tests,assessment:dbt-tests,HAS_ASSESSMENT,DIRECT_OBSERVATION
assessment:dbt-tests,standard:dbt-tests,ASSESSES,DIRECT_OBSERVATION
assessment:dbt-tests,judgement:situational,JUDGED_AS,DIRECT_OBSERVATION
assessment:dbt-tests,tier:vendor,HAS_TIER,DIRECT_OBSERVATION
standard:dbt-tests,governance:vendor-led,HAS_GOVERNANCE_TYPE,DIRECT_OBSERVATION
standard:sodacl,standard-category:data-quality,IN_STANDARD_CATEGORY,DIRECT_OBSERVATION
standard:sodacl,assessment:sodacl,HAS_ASSESSMENT,DIRECT_OBSERVATION
assessment:sodacl,standard:sodacl,ASSESSES,DIRECT_OBSERVATION
assessment:sodacl,judgement:situational,JUDGED_AS,DIRECT_OBSERVATION
assessment:sodacl,tier:vendor,HAS_TIER,DIRECT_OBSERVATION
standard:sodacl,governance:vendor-led,HAS_GOVERNANCE_TYPE,DIRECT_OBSERVATION
standard:odps,standard-category:data-products,IN_STANDARD_CATEGORY,DIRECT_OBSERVATION
standard:odps,assessment:odps,HAS_ASSESSMENT,DIRECT_OBSERVATION
assessment:odps,standard:odps,ASSESSES,DIRECT_OBSERVATION
assessment:odps,judgement:adopt,JUDGED_AS,DIRECT_OBSERVATION
assessment:odps,tier:stable,HAS_TIER,DIRECT_OBSERVATION
standard:odps,governance:foundation,HAS_GOVERNANCE_TYPE,DIRECT_OBSERVATION
standard:dpds,standard-category:data-products,IN_STANDARD_CATEGORY,DIRECT_OBSERVATION
standard:dpds,assessment:dpds,HAS_ASSESSMENT,DIRECT_OBSERVATION
assessment:dpds,standard:dpds,ASSESSES,DIRECT_OBSERVATION
assessment:dpds,judgement:assess,JUDGED_AS,DIRECT_OBSERVATION
assessment:dpds,tier:stable,HAS_TIER,DIRECT_OBSERVATION
standard:dpds,governance:community,HAS_GOVERNANCE_TYPE,DIRECT_OBSERVATION
standard:odpspec,standard-category:data-products,IN_STANDARD_CATEGORY,DIRECT_OBSERVATION
standard:odpspec,assessment:odpspec,HAS_ASSESSMENT,DIRECT_OBSERVATION
assessment:odpspec,standard:odpspec,ASSESSES,DIRECT_OBSERVATION
assessment:odpspec,judgement:assess,JUDGED_AS,DIRECT_OBSERVATION
assessment:odpspec,tier:stable,HAS_TIER,DIRECT_OBSERVATION
standard:odpspec,governance:foundation,HAS_GOVERNANCE_TYPE,DIRECT_OBSERVATION
standard:dprod,standard-category:data-products,IN_STANDARD_CATEGORY,DIRECT_OBSERVATION
standard:dprod,assessment:dprod,HAS_ASSESSMENT,DIRECT_OBSERVATION
assessment:dprod,standard:dprod,ASSESSES,DIRECT_OBSERVATION
assessment:dprod,judgement:assess,JUDGED_AS,DIRECT_OBSERVATION
assessment:dprod,tier:stable,HAS_TIER,DIRECT_OBSERVATION
standard:dprod,governance:formal-standard,HAS_GOVERNANCE_TYPE,DIRECT_OBSERVATION
standard:iceberg,standard-category:open-table-formats,IN_STANDARD_CATEGORY,DIRECT_OBSERVATION
standard:iceberg,assessment:iceberg,HAS_ASSESSMENT,DIRECT_OBSERVATION
assessment:iceberg,standard:iceberg,ASSESSES,DIRECT_OBSERVATION
assessment:iceberg,judgement:adopt,JUDGED_AS,DIRECT_OBSERVATION
assessment:iceberg,tier:stable,HAS_TIER,DIRECT_OBSERVATION
standard:iceberg,governance:foundation,HAS_GOVERNANCE_TYPE,DIRECT_OBSERVATION
standard:delta,standard-category:open-table-formats,IN_STANDARD_CATEGORY,DIRECT_OBSERVATION
standard:delta,assessment:delta,HAS_ASSESSMENT,DIRECT_OBSERVATION
assessment:delta,standard:delta,ASSESSES,DIRECT_OBSERVATION
assessment:delta,judgement:situational,JUDGED_AS,DIRECT_OBSERVATION
assessment:delta,tier:stable,HAS_TIER,DIRECT_OBSERVATION
standard:delta,governance:foundation,HAS_GOVERNANCE_TYPE,DIRECT_OBSERVATION
standard:hudi,standard-category:open-table-formats,IN_STANDARD_CATEGORY,DIRECT_OBSERVATION
standard:hudi,assessment:hudi,HAS_ASSESSMENT,DIRECT_OBSERVATION
assessment:hudi,standard:hudi,ASSESSES,DIRECT_OBSERVATION
assessment:hudi,judgement:assess,JUDGED_AS,DIRECT_OBSERVATION
assessment:hudi,tier:stable,HAS_TIER,DIRECT_OBSERVATION
standard:hudi,governance:foundation,HAS_GOVERNANCE_TYPE,DIRECT_OBSERVATION
standard:ducklake,standard-category:catalog-apis,IN_STANDARD_CATEGORY,DIRECT_OBSERVATION
standard:ducklake,assessment:ducklake,HAS_ASSESSMENT,DIRECT_OBSERVATION
assessment:ducklake,standard:ducklake,ASSESSES,DIRECT_OBSERVATION
assessment:ducklake,judgement:assess,JUDGED_AS,DIRECT_OBSERVATION
assessment:ducklake,tier:emerging,HAS_TIER,DIRECT_OBSERVATION
standard:ducklake,governance:vendor-led,HAS_GOVERNANCE_TYPE,DIRECT_OBSERVATION
standard:xml-schema,standard-category:schema,IN_STANDARD_CATEGORY,DIRECT_OBSERVATION
standard:xml-schema,assessment:xml-schema,HAS_ASSESSMENT,DIRECT_OBSERVATION
assessment:xml-schema,standard:xml-schema,ASSESSES,DIRECT_OBSERVATION
assessment:xml-schema,judgement:adopt,JUDGED_AS,DIRECT_OBSERVATION
assessment:xml-schema,tier:stable,HAS_TIER,DIRECT_OBSERVATION
standard:xml-schema,governance:formal-standard,HAS_GOVERNANCE_TYPE,DIRECT_OBSERVATION
standard:json-schema,standard-category:schema,IN_STANDARD_CATEGORY,DIRECT_OBSERVATION
standard:json-schema,assessment:json-schema,HAS_ASSESSMENT,DIRECT_OBSERVATION
assessment:json-schema,standard:json-schema,ASSESSES,DIRECT_OBSERVATION
assessment:json-schema,judgement:adopt,JUDGED_AS,DIRECT_OBSERVATION
assessment:json-schema,tier:stable,HAS_TIER,DIRECT_OBSERVATION
standard:json-schema,governance:formal-standard,HAS_GOVERNANCE_TYPE,DIRECT_OBSERVATION
standard:sql-ddl,standard-category:schema,IN_STANDARD_CATEGORY,DIRECT_OBSERVATION
standard:sql-ddl,assessment:sql-ddl,HAS_ASSESSMENT,DIRECT_OBSERVATION
assessment:sql-ddl,standard:sql-ddl,ASSESSES,DIRECT_OBSERVATION
assessment:sql-ddl,judgement:adopt,JUDGED_AS,DIRECT_OBSERVATION
assessment:sql-ddl,tier:stable,HAS_TIER,DIRECT_OBSERVATION
standard:sql-ddl,governance:formal-standard,HAS_GOVERNANCE_TYPE,DIRECT_OBSERVATION
standard:avro-schema,standard-category:schema,IN_STANDARD_CATEGORY,DIRECT_OBSERVATION
standard:avro-schema,assessment:avro-schema,HAS_ASSESSMENT,DIRECT_OBSERVATION
assessment:avro-schema,standard:avro-schema,ASSESSES,DIRECT_OBSERVATION
assessment:avro-schema,judgement:adopt,JUDGED_AS,DIRECT_OBSERVATION
assessment:avro-schema,tier:stable,HAS_TIER,DIRECT_OBSERVATION
standard:avro-schema,governance:foundation,HAS_GOVERNANCE_TYPE,DIRECT_OBSERVATION
standard:protobuf,standard-category:schema,IN_STANDARD_CATEGORY,DIRECT_OBSERVATION
standard:protobuf,assessment:protobuf,HAS_ASSESSMENT,DIRECT_OBSERVATION
assessment:protobuf,standard:protobuf,ASSESSES,DIRECT_OBSERVATION
assessment:protobuf,judgement:adopt,JUDGED_AS,DIRECT_OBSERVATION
assessment:protobuf,tier:vendor,HAS_TIER,DIRECT_OBSERVATION
standard:protobuf,governance:vendor-led,HAS_GOVERNANCE_TYPE,DIRECT_OBSERVATION
standard:iceberg-catalog,standard-category:catalog-apis,IN_STANDARD_CATEGORY,DIRECT_OBSERVATION
standard:iceberg-catalog,assessment:iceberg-catalog,HAS_ASSESSMENT,DIRECT_OBSERVATION
assessment:iceberg-catalog,standard:iceberg-catalog,ASSESSES,DIRECT_OBSERVATION
assessment:iceberg-catalog,judgement:adopt,JUDGED_AS,DIRECT_OBSERVATION
assessment:iceberg-catalog,tier:stable,HAS_TIER,DIRECT_OBSERVATION
standard:iceberg-catalog,governance:foundation,HAS_GOVERNANCE_TYPE,DIRECT_OBSERVATION
standard:unity-catalog,standard-category:catalog-apis,IN_STANDARD_CATEGORY,DIRECT_OBSERVATION
standard:unity-catalog,assessment:unity-catalog,HAS_ASSESSMENT,DIRECT_OBSERVATION
assessment:unity-catalog,standard:unity-catalog,ASSESSES,DIRECT_OBSERVATION
assessment:unity-catalog,judgement:situational,JUDGED_AS,DIRECT_OBSERVATION
assessment:unity-catalog,tier:stable,HAS_TIER,DIRECT_OBSERVATION
standard:unity-catalog,governance:foundation,HAS_GOVERNANCE_TYPE,DIRECT_OBSERVATION
standard:hive-metastore,standard-category:catalog-apis,IN_STANDARD_CATEGORY,DIRECT_OBSERVATION
standard:hive-metastore,assessment:hive-metastore,HAS_ASSESSMENT,DIRECT_OBSERVATION
assessment:hive-metastore,standard:hive-metastore,ASSESSES,DIRECT_OBSERVATION
assessment:hive-metastore,judgement:caution,JUDGED_AS,DIRECT_OBSERVATION
assessment:hive-metastore,tier:stable,HAS_TIER,DIRECT_OBSERVATION
standard:hive-metastore,governance:foundation,HAS_GOVERNANCE_TYPE,DIRECT_OBSERVATION
standard:schema-registry,standard-category:catalog-apis,IN_STANDARD_CATEGORY,DIRECT_OBSERVATION
standard:schema-registry,assessment:schema-registry,HAS_ASSESSMENT,DIRECT_OBSERVATION
assessment:schema-registry,standard:schema-registry,ASSESSES,DIRECT_OBSERVATION
assessment:schema-registry,judgement:adopt,JUDGED_AS,DIRECT_OBSERVATION
assessment:schema-registry,tier:vendor,HAS_TIER,DIRECT_OBSERVATION
standard:schema-registry,governance:vendor-led,HAS_GOVERNANCE_TYPE,DIRECT_OBSERVATION
standard:csv,standard-category:file-formats,IN_STANDARD_CATEGORY,DIRECT_OBSERVATION
standard:csv,assessment:csv,HAS_ASSESSMENT,DIRECT_OBSERVATION
assessment:csv,standard:csv,ASSESSES,DIRECT_OBSERVATION
assessment:csv,judgement:adopt,JUDGED_AS,DIRECT_OBSERVATION
assessment:csv,tier:stable,HAS_TIER,DIRECT_OBSERVATION
standard:csv,governance:formal-standard,HAS_GOVERNANCE_TYPE,DIRECT_OBSERVATION
standard:json,standard-category:file-formats,IN_STANDARD_CATEGORY,DIRECT_OBSERVATION
standard:json,assessment:json,HAS_ASSESSMENT,DIRECT_OBSERVATION
assessment:json,standard:json,ASSESSES,DIRECT_OBSERVATION
assessment:json,judgement:adopt,JUDGED_AS,DIRECT_OBSERVATION
assessment:json,tier:stable,HAS_TIER,DIRECT_OBSERVATION
standard:json,governance:formal-standard,HAS_GOVERNANCE_TYPE,DIRECT_OBSERVATION
standard:xml,standard-category:file-formats,IN_STANDARD_CATEGORY,DIRECT_OBSERVATION
standard:xml,assessment:xml,HAS_ASSESSMENT,DIRECT_OBSERVATION
assessment:xml,standard:xml,ASSESSES,DIRECT_OBSERVATION
assessment:xml,judgement:adopt,JUDGED_AS,DIRECT_OBSERVATION
assessment:xml,tier:stable,HAS_TIER,DIRECT_OBSERVATION
standard:xml,governance:formal-standard,HAS_GOVERNANCE_TYPE,DIRECT_OBSERVATION
standard:yaml,standard-category:file-formats,IN_STANDARD_CATEGORY,DIRECT_OBSERVATION
standard:yaml,assessment:yaml,HAS_ASSESSMENT,DIRECT_OBSERVATION
assessment:yaml,standard:yaml,ASSESSES,DIRECT_OBSERVATION
assessment:yaml,judgement:adopt,JUDGED_AS,DIRECT_OBSERVATION
assessment:yaml,tier:stable,HAS_TIER,DIRECT_OBSERVATION
assessment:yaml,tier:niche,HAS_TIER,DIRECT_OBSERVATION
standard:yaml,governance:community,HAS_GOVERNANCE_TYPE,DIRECT_OBSERVATION
standard:parquet,standard-category:file-formats,IN_STANDARD_CATEGORY,DIRECT_OBSERVATION
standard:parquet,assessment:parquet,HAS_ASSESSMENT,DIRECT_OBSERVATION
assessment:parquet,standard:parquet,ASSESSES,DIRECT_OBSERVATION
assessment:parquet,judgement:adopt,JUDGED_AS,DIRECT_OBSERVATION
assessment:parquet,tier:stable,HAS_TIER,DIRECT_OBSERVATION
standard:parquet,governance:foundation,HAS_GOVERNANCE_TYPE,DIRECT_OBSERVATION
standard:avro,standard-category:file-formats,IN_STANDARD_CATEGORY,DIRECT_OBSERVATION
standard:avro,assessment:avro,HAS_ASSESSMENT,DIRECT_OBSERVATION
assessment:avro,standard:avro,ASSESSES,DIRECT_OBSERVATION
assessment:avro,judgement:adopt,JUDGED_AS,DIRECT_OBSERVATION
assessment:avro,tier:stable,HAS_TIER,DIRECT_OBSERVATION
standard:avro,governance:foundation,HAS_GOVERNANCE_TYPE,DIRECT_OBSERVATION
standard:orc,standard-category:file-formats,IN_STANDARD_CATEGORY,DIRECT_OBSERVATION
standard:orc,assessment:orc,HAS_ASSESSMENT,DIRECT_OBSERVATION
assessment:orc,standard:orc,ASSESSES,DIRECT_OBSERVATION
assessment:orc,judgement:situational,JUDGED_AS,DIRECT_OBSERVATION
assessment:orc,tier:stable,HAS_TIER,DIRECT_OBSERVATION
standard:orc,governance:foundation,HAS_GOVERNANCE_TYPE,DIRECT_OBSERVATION
standard:lance,standard-category:file-formats,IN_STANDARD_CATEGORY,DIRECT_OBSERVATION
standard:lance,standard-category:open-table-formats,IN_STANDARD_CATEGORY,DIRECT_OBSERVATION
standard:lance,assessment:lance,HAS_ASSESSMENT,DIRECT_OBSERVATION
assessment:lance,standard:lance,ASSESSES,DIRECT_OBSERVATION
assessment:lance,judgement:assess,JUDGED_AS,DIRECT_OBSERVATION
assessment:lance,tier:emerging,HAS_TIER,DIRECT_OBSERVATION
standard:lance,governance:community,HAS_GOVERNANCE_TYPE,DIRECT_OBSERVATION
standard:openlineage,standard-category:lineage,IN_STANDARD_CATEGORY,DIRECT_OBSERVATION
standard:openlineage,assessment:openlineage,HAS_ASSESSMENT,DIRECT_OBSERVATION
assessment:openlineage,standard:openlineage,ASSESSES,DIRECT_OBSERVATION
assessment:openlineage,judgement:adopt,JUDGED_AS,DIRECT_OBSERVATION
assessment:openlineage,tier:stable,HAS_TIER,DIRECT_OBSERVATION
standard:openlineage,governance:foundation,HAS_GOVERNANCE_TYPE,DIRECT_OBSERVATION
standard:opa,standard-category:policies,IN_STANDARD_CATEGORY,DIRECT_OBSERVATION
standard:opa,assessment:opa,HAS_ASSESSMENT,DIRECT_OBSERVATION
assessment:opa,standard:opa,ASSESSES,DIRECT_OBSERVATION
assessment:opa,judgement:adopt,JUDGED_AS,DIRECT_OBSERVATION
assessment:opa,tier:stable,HAS_TIER,DIRECT_OBSERVATION
standard:opa,governance:foundation,HAS_GOVERNANCE_TYPE,DIRECT_OBSERVATION
standard:mcp,standard-category:ai-interfaces,IN_STANDARD_CATEGORY,DIRECT_OBSERVATION
standard:mcp,assessment:mcp,HAS_ASSESSMENT,DIRECT_OBSERVATION
assessment:mcp,standard:mcp,ASSESSES,DIRECT_OBSERVATION
assessment:mcp,judgement:adopt,JUDGED_AS,DIRECT_OBSERVATION
assessment:mcp,tier:stable,HAS_TIER,DIRECT_OBSERVATION
standard:mcp,governance:foundation,HAS_GOVERNANCE_TYPE,DIRECT_OBSERVATION
standard:a2a,standard-category:ai-interfaces,IN_STANDARD_CATEGORY,DIRECT_OBSERVATION
standard:a2a,assessment:a2a,HAS_ASSESSMENT,DIRECT_OBSERVATION
assessment:a2a,standard:a2a,ASSESSES,DIRECT_OBSERVATION
assessment:a2a,judgement:situational,JUDGED_AS,DIRECT_OBSERVATION
assessment:a2a,tier:stable,HAS_TIER,DIRECT_OBSERVATION
standard:a2a,governance:foundation,HAS_GOVERNANCE_TYPE,DIRECT_OBSERVATION
standard:s3,standard-category:storage-systems,IN_STANDARD_CATEGORY,DIRECT_OBSERVATION
standard:s3,assessment:s3,HAS_ASSESSMENT,DIRECT_OBSERVATION
assessment:s3,standard:s3,ASSESSES,DIRECT_OBSERVATION
assessment:s3,judgement:adopt,JUDGED_AS,DIRECT_OBSERVATION
assessment:s3,tier:vendor,HAS_TIER,DIRECT_OBSERVATION
standard:s3,governance:vendor-led,HAS_GOVERNANCE_TYPE,DIRECT_OBSERVATION
standard:ossie,standard-category:semantics,IN_STANDARD_CATEGORY,DIRECT_OBSERVATION
standard:ossie,assessment:ossie,HAS_ASSESSMENT,DIRECT_OBSERVATION
assessment:ossie,standard:ossie,ASSESSES,DIRECT_OBSERVATION
assessment:ossie,judgement:assess,JUDGED_AS,DIRECT_OBSERVATION
assessment:ossie,tier:stable,HAS_TIER,DIRECT_OBSERVATION
standard:ossie,governance:foundation,HAS_GOVERNANCE_TYPE,DIRECT_OBSERVATION
standard:rdf-owl,standard-category:semantics,IN_STANDARD_CATEGORY,DIRECT_OBSERVATION
standard:rdf-owl,assessment:rdf-owl,HAS_ASSESSMENT,DIRECT_OBSERVATION
assessment:rdf-owl,standard:rdf-owl,ASSESSES,DIRECT_OBSERVATION
assessment:rdf-owl,judgement:situational,JUDGED_AS,DIRECT_OBSERVATION
assessment:rdf-owl,tier:stable,HAS_TIER,DIRECT_OBSERVATION
standard:rdf-owl,governance:formal-standard,HAS_GOVERNANCE_TYPE,DIRECT_OBSERVATION
standard:dcat,standard-category:semantics,IN_STANDARD_CATEGORY,DIRECT_OBSERVATION
standard:dcat,assessment:dcat,HAS_ASSESSMENT,DIRECT_OBSERVATION
assessment:dcat,standard:dcat,ASSESSES,DIRECT_OBSERVATION
assessment:dcat,judgement:situational,JUDGED_AS,DIRECT_OBSERVATION
assessment:dcat,tier:stable,HAS_TIER,DIRECT_OBSERVATION
standard:dcat,governance:formal-standard,HAS_GOVERNANCE_TYPE,DIRECT_OBSERVATION
standard:skos,standard-category:semantics,IN_STANDARD_CATEGORY,DIRECT_OBSERVATION
standard:skos,assessment:skos,HAS_ASSESSMENT,DIRECT_OBSERVATION
assessment:skos,standard:skos,ASSESSES,DIRECT_OBSERVATION
assessment:skos,judgement:situational,JUDGED_AS,DIRECT_OBSERVATION
assessment:skos,tier:stable,HAS_TIER,DIRECT_OBSERVATION
standard:skos,governance:formal-standard,HAS_GOVERNANCE_TYPE,DIRECT_OBSERVATION
standard:shacl,standard-category:semantics,IN_STANDARD_CATEGORY,DIRECT_OBSERVATION
standard:shacl,assessment:shacl,HAS_ASSESSMENT,DIRECT_OBSERVATION
assessment:shacl,standard:shacl,ASSESSES,DIRECT_OBSERVATION
assessment:shacl,judgement:situational,JUDGED_AS,DIRECT_OBSERVATION
assessment:shacl,tier:stable,HAS_TIER,DIRECT_OBSERVATION
standard:shacl,governance:formal-standard,HAS_GOVERNANCE_TYPE,DIRECT_OBSERVATION
standard:json-ld,standard-category:semantics,IN_STANDARD_CATEGORY,DIRECT_OBSERVATION
standard:json-ld,assessment:json-ld,HAS_ASSESSMENT,DIRECT_OBSERVATION
assessment:json-ld,standard:json-ld,ASSESSES,DIRECT_OBSERVATION
assessment:json-ld,judgement:situational,JUDGED_AS,DIRECT_OBSERVATION
assessment:json-ld,tier:stable,HAS_TIER,DIRECT_OBSERVATION
standard:json-ld,governance:formal-standard,HAS_GOVERNANCE_TYPE,DIRECT_OBSERVATION
standard:sparql,standard-category:query,IN_STANDARD_CATEGORY,DIRECT_OBSERVATION
standard:sparql,assessment:sparql,HAS_ASSESSMENT,DIRECT_OBSERVATION
assessment:sparql,standard:sparql,ASSESSES,DIRECT_OBSERVATION
assessment:sparql,judgement:situational,JUDGED_AS,DIRECT_OBSERVATION
assessment:sparql,tier:stable,HAS_TIER,DIRECT_OBSERVATION
standard:sparql,governance:formal-standard,HAS_GOVERNANCE_TYPE,DIRECT_OBSERVATION
standard:hdfs,standard-category:storage-systems,IN_STANDARD_CATEGORY,DIRECT_OBSERVATION
standard:hdfs,assessment:hdfs,HAS_ASSESSMENT,DIRECT_OBSERVATION
assessment:hdfs,standard:hdfs,ASSESSES,DIRECT_OBSERVATION
assessment:hdfs,judgement:caution,JUDGED_AS,DIRECT_OBSERVATION
assessment:hdfs,tier:stable,HAS_TIER,DIRECT_OBSERVATION
standard:hdfs,governance:foundation,HAS_GOVERNANCE_TYPE,DIRECT_OBSERVATION
standard:jdbc,standard-category:database-connectivity,IN_STANDARD_CATEGORY,DIRECT_OBSERVATION
standard:jdbc,assessment:jdbc,HAS_ASSESSMENT,DIRECT_OBSERVATION
assessment:jdbc,standard:jdbc,ASSESSES,DIRECT_OBSERVATION
assessment:jdbc,judgement:adopt,JUDGED_AS,DIRECT_OBSERVATION
assessment:jdbc,tier:stable,HAS_TIER,DIRECT_OBSERVATION
standard:jdbc,governance:formal-standard,HAS_GOVERNANCE_TYPE,DIRECT_OBSERVATION
standard:odbc,standard-category:database-connectivity,IN_STANDARD_CATEGORY,DIRECT_OBSERVATION
standard:odbc,assessment:odbc,HAS_ASSESSMENT,DIRECT_OBSERVATION
assessment:odbc,standard:odbc,ASSESSES,DIRECT_OBSERVATION
assessment:odbc,judgement:adopt,JUDGED_AS,DIRECT_OBSERVATION
assessment:odbc,tier:stable,HAS_TIER,DIRECT_OBSERVATION
standard:odbc,governance:formal-standard,HAS_GOVERNANCE_TYPE,DIRECT_OBSERVATION
standard:xmla,standard-category:database-connectivity,IN_STANDARD_CATEGORY,DIRECT_OBSERVATION
standard:xmla,assessment:xmla,HAS_ASSESSMENT,DIRECT_OBSERVATION
assessment:xmla,standard:xmla,ASSESSES,DIRECT_OBSERVATION
assessment:xmla,judgement:caution,JUDGED_AS,DIRECT_OBSERVATION
assessment:xmla,tier:legacy,HAS_TIER,DIRECT_OBSERVATION
standard:xmla,governance:vendor-led,HAS_GOVERNANCE_TYPE,DIRECT_OBSERVATION
standard:adbc,standard-category:database-connectivity,IN_STANDARD_CATEGORY,DIRECT_OBSERVATION
standard:adbc,assessment:adbc,HAS_ASSESSMENT,DIRECT_OBSERVATION
assessment:adbc,standard:adbc,ASSESSES,DIRECT_OBSERVATION
assessment:adbc,judgement:adopt,JUDGED_AS,DIRECT_OBSERVATION
assessment:adbc,tier:stable,HAS_TIER,DIRECT_OBSERVATION
standard:adbc,governance:foundation,HAS_GOVERNANCE_TYPE,DIRECT_OBSERVATION
standard:quack,standard-category:database-connectivity,IN_STANDARD_CATEGORY,DIRECT_OBSERVATION
standard:quack,assessment:quack,HAS_ASSESSMENT,DIRECT_OBSERVATION
assessment:quack,standard:quack,ASSESSES,DIRECT_OBSERVATION
assessment:quack,judgement:assess,JUDGED_AS,DIRECT_OBSERVATION
assessment:quack,tier:emerging,HAS_TIER,DIRECT_OBSERVATION
standard:quack,governance:vendor-led,HAS_GOVERNANCE_TYPE,DIRECT_OBSERVATION
standard:http,standard-category:interconnection,IN_STANDARD_CATEGORY,DIRECT_OBSERVATION
standard:http,assessment:http,HAS_ASSESSMENT,DIRECT_OBSERVATION
assessment:http,standard:http,ASSESSES,DIRECT_OBSERVATION
assessment:http,judgement:adopt,JUDGED_AS,DIRECT_OBSERVATION
assessment:http,tier:stable,HAS_TIER,DIRECT_OBSERVATION
standard:http,governance:formal-standard,HAS_GOVERNANCE_TYPE,DIRECT_OBSERVATION
standard:kafka,standard-category:messaging,IN_STANDARD_CATEGORY,DIRECT_OBSERVATION
standard:kafka,assessment:kafka,HAS_ASSESSMENT,DIRECT_OBSERVATION
assessment:kafka,standard:kafka,ASSESSES,DIRECT_OBSERVATION
assessment:kafka,judgement:adopt,JUDGED_AS,DIRECT_OBSERVATION
assessment:kafka,tier:stable,HAS_TIER,DIRECT_OBSERVATION
standard:kafka,governance:foundation,HAS_GOVERNANCE_TYPE,DIRECT_OBSERVATION
standard:mqtt,standard-category:messaging,IN_STANDARD_CATEGORY,DIRECT_OBSERVATION
standard:mqtt,assessment:mqtt,HAS_ASSESSMENT,DIRECT_OBSERVATION
assessment:mqtt,standard:mqtt,ASSESSES,DIRECT_OBSERVATION
assessment:mqtt,judgement:situational,JUDGED_AS,DIRECT_OBSERVATION
assessment:mqtt,tier:stable,HAS_TIER,DIRECT_OBSERVATION
standard:mqtt,governance:formal-standard,HAS_GOVERNANCE_TYPE,DIRECT_OBSERVATION
standard:cloudevents,standard-category:messaging,IN_STANDARD_CATEGORY,DIRECT_OBSERVATION
standard:cloudevents,assessment:cloudevents,HAS_ASSESSMENT,DIRECT_OBSERVATION
assessment:cloudevents,standard:cloudevents,ASSESSES,DIRECT_OBSERVATION
assessment:cloudevents,judgement:adopt,JUDGED_AS,DIRECT_OBSERVATION
assessment:cloudevents,tier:stable,HAS_TIER,DIRECT_OBSERVATION
standard:cloudevents,governance:foundation,HAS_GOVERNANCE_TYPE,DIRECT_OBSERVATION
standard:amqp,standard-category:messaging,IN_STANDARD_CATEGORY,DIRECT_OBSERVATION
standard:amqp,assessment:amqp,HAS_ASSESSMENT,DIRECT_OBSERVATION
assessment:amqp,standard:amqp,ASSESSES,DIRECT_OBSERVATION
assessment:amqp,judgement:situational,JUDGED_AS,DIRECT_OBSERVATION
assessment:amqp,tier:stable,HAS_TIER,DIRECT_OBSERVATION
standard:amqp,governance:formal-standard,HAS_GOVERNANCE_TYPE,DIRECT_OBSERVATION
standard:jms,standard-category:messaging,IN_STANDARD_CATEGORY,DIRECT_OBSERVATION
standard:jms,assessment:jms,HAS_ASSESSMENT,DIRECT_OBSERVATION
assessment:jms,standard:jms,ASSESSES,DIRECT_OBSERVATION
assessment:jms,judgement:caution,JUDGED_AS,DIRECT_OBSERVATION
assessment:jms,tier:legacy,HAS_TIER,DIRECT_OBSERVATION
standard:jms,governance:formal-standard,HAS_GOVERNANCE_TYPE,DIRECT_OBSERVATION
standard:ftp,standard-category:interconnection,IN_STANDARD_CATEGORY,DIRECT_OBSERVATION
standard:ftp,assessment:ftp,HAS_ASSESSMENT,DIRECT_OBSERVATION
assessment:ftp,standard:ftp,ASSESSES,DIRECT_OBSERVATION
assessment:ftp,judgement:caution,JUDGED_AS,DIRECT_OBSERVATION
assessment:ftp,tier:stable,HAS_TIER,DIRECT_OBSERVATION
standard:ftp,governance:formal-standard,HAS_GOVERNANCE_TYPE,DIRECT_OBSERVATION
standard:deltasharing,standard-category:interconnection,IN_STANDARD_CATEGORY,DIRECT_OBSERVATION
standard:deltasharing,assessment:deltasharing,HAS_ASSESSMENT,DIRECT_OBSERVATION
assessment:deltasharing,standard:deltasharing,ASSESSES,DIRECT_OBSERVATION
assessment:deltasharing,judgement:situational,JUDGED_AS,DIRECT_OBSERVATION
assessment:deltasharing,tier:stable,HAS_TIER,DIRECT_OBSERVATION
standard:deltasharing,governance:foundation,HAS_GOVERNANCE_TYPE,DIRECT_OBSERVATION
standard:dataframe,standard-category:in-memory-format,IN_STANDARD_CATEGORY,DIRECT_OBSERVATION
standard:dataframe,assessment:dataframe,HAS_ASSESSMENT,DIRECT_OBSERVATION
assessment:dataframe,standard:dataframe,ASSESSES,DIRECT_OBSERVATION
assessment:dataframe,judgement:adopt,JUDGED_AS,DIRECT_OBSERVATION
assessment:dataframe,tier:stable,HAS_TIER,DIRECT_OBSERVATION
standard:dataframe,governance:community,HAS_GOVERNANCE_TYPE,DIRECT_OBSERVATION
standard:arrow,standard-category:in-memory-format,IN_STANDARD_CATEGORY,DIRECT_OBSERVATION
standard:arrow,assessment:arrow,HAS_ASSESSMENT,DIRECT_OBSERVATION
assessment:arrow,standard:arrow,ASSESSES,DIRECT_OBSERVATION
assessment:arrow,judgement:adopt,JUDGED_AS,DIRECT_OBSERVATION
assessment:arrow,tier:stable,HAS_TIER,DIRECT_OBSERVATION
standard:arrow,governance:foundation,HAS_GOVERNANCE_TYPE,DIRECT_OBSERVATION
standard:spark,standard-category:processing,IN_STANDARD_CATEGORY,DIRECT_OBSERVATION
standard:spark,assessment:spark,HAS_ASSESSMENT,DIRECT_OBSERVATION
assessment:spark,standard:spark,ASSESSES,DIRECT_OBSERVATION
assessment:spark,judgement:adopt,JUDGED_AS,DIRECT_OBSERVATION
assessment:spark,tier:stable,HAS_TIER,DIRECT_OBSERVATION
standard:spark,governance:foundation,HAS_GOVERNANCE_TYPE,DIRECT_OBSERVATION
standard:beam,standard-category:processing,IN_STANDARD_CATEGORY,DIRECT_OBSERVATION
standard:beam,assessment:beam,HAS_ASSESSMENT,DIRECT_OBSERVATION
assessment:beam,standard:beam,ASSESSES,DIRECT_OBSERVATION
assessment:beam,judgement:situational,JUDGED_AS,DIRECT_OBSERVATION
assessment:beam,tier:stable,HAS_TIER,DIRECT_OBSERVATION
standard:beam,governance:foundation,HAS_GOVERNANCE_TYPE,DIRECT_OBSERVATION
standard:pandas,standard-category:processing,IN_STANDARD_CATEGORY,DIRECT_OBSERVATION
standard:pandas,assessment:pandas,HAS_ASSESSMENT,DIRECT_OBSERVATION
assessment:pandas,standard:pandas,ASSESSES,DIRECT_OBSERVATION
assessment:pandas,judgement:adopt,JUDGED_AS,DIRECT_OBSERVATION
assessment:pandas,tier:stable,HAS_TIER,DIRECT_OBSERVATION
standard:pandas,governance:community,HAS_GOVERNANCE_TYPE,DIRECT_OBSERVATION
standard:ibis,standard-category:processing,IN_STANDARD_CATEGORY,DIRECT_OBSERVATION
standard:ibis,assessment:ibis,HAS_ASSESSMENT,DIRECT_OBSERVATION
assessment:ibis,standard:ibis,ASSESSES,DIRECT_OBSERVATION
assessment:ibis,judgement:assess,JUDGED_AS,DIRECT_OBSERVATION
assessment:ibis,tier:stable,HAS_TIER,DIRECT_OBSERVATION
standard:ibis,governance:community,HAS_GOVERNANCE_TYPE,DIRECT_OBSERVATION
standard:sql-dml,standard-category:processing,IN_STANDARD_CATEGORY,DIRECT_OBSERVATION
standard:sql-dml,assessment:sql-dml,HAS_ASSESSMENT,DIRECT_OBSERVATION
assessment:sql-dml,standard:sql-dml,ASSESSES,DIRECT_OBSERVATION
assessment:sql-dml,judgement:adopt,JUDGED_AS,DIRECT_OBSERVATION
assessment:sql-dml,tier:stable,HAS_TIER,DIRECT_OBSERVATION
standard:sql-dml,governance:formal-standard,HAS_GOVERNANCE_TYPE,DIRECT_OBSERVATION
standard:xslt,standard-category:processing,IN_STANDARD_CATEGORY,DIRECT_OBSERVATION
standard:xslt,assessment:xslt,HAS_ASSESSMENT,DIRECT_OBSERVATION
assessment:xslt,standard:xslt,ASSESSES,DIRECT_OBSERVATION
assessment:xslt,judgement:caution,JUDGED_AS,DIRECT_OBSERVATION
assessment:xslt,tier:legacy,HAS_TIER,DIRECT_OBSERVATION
standard:xslt,governance:formal-standard,HAS_GOVERNANCE_TYPE,DIRECT_OBSERVATION
standard:linkml,standard-category:schema,IN_STANDARD_CATEGORY,DIRECT_OBSERVATION
standard:linkml,assessment:linkml,HAS_ASSESSMENT,DIRECT_OBSERVATION
assessment:linkml,standard:linkml,ASSESSES,DIRECT_OBSERVATION
assessment:linkml,judgement:assess,JUDGED_AS,DIRECT_OBSERVATION
assessment:linkml,tier:stable,HAS_TIER,DIRECT_OBSERVATION
assessment:linkml,tier:niche,HAS_TIER,DIRECT_OBSERVATION
standard:linkml,governance:community,HAS_GOVERNANCE_TYPE,DIRECT_OBSERVATION
standard:schemaorg,standard-category:semantics,IN_STANDARD_CATEGORY,DIRECT_OBSERVATION
standard:schemaorg,assessment:schemaorg,HAS_ASSESSMENT,DIRECT_OBSERVATION
assessment:schemaorg,standard:schemaorg,ASSESSES,DIRECT_OBSERVATION
assessment:schemaorg,judgement:assess,JUDGED_AS,DIRECT_OBSERVATION
assessment:schemaorg,tier:stable,HAS_TIER,DIRECT_OBSERVATION
assessment:schemaorg,tier:niche,HAS_TIER,DIRECT_OBSERVATION
standard:schemaorg,governance:formal-standard,HAS_GOVERNANCE_TYPE,DIRECT_OBSERVATION
standard:shex,standard-category:semantics,IN_STANDARD_CATEGORY,DIRECT_OBSERVATION
standard:shex,assessment:shex,HAS_ASSESSMENT,DIRECT_OBSERVATION
assessment:shex,standard:shex,ASSESSES,DIRECT_OBSERVATION
assessment:shex,judgement:assess,JUDGED_AS,DIRECT_OBSERVATION
assessment:shex,tier:stable,HAS_TIER,DIRECT_OBSERVATION
assessment:shex,tier:niche,HAS_TIER,DIRECT_OBSERVATION
standard:shex,governance:formal-standard,HAS_GOVERNANCE_TYPE,DIRECT_OBSERVATION
standard:odrl,standard-category:policies,IN_STANDARD_CATEGORY,DIRECT_OBSERVATION
standard:odrl,assessment:odrl,HAS_ASSESSMENT,DIRECT_OBSERVATION
assessment:odrl,standard:odrl,ASSESSES,DIRECT_OBSERVATION
assessment:odrl,judgement:assess,JUDGED_AS,DIRECT_OBSERVATION
assessment:odrl,tier:stable,HAS_TIER,DIRECT_OBSERVATION
assessment:odrl,tier:niche,HAS_TIER,DIRECT_OBSERVATION
standard:odrl,governance:formal-standard,HAS_GOVERNANCE_TYPE,DIRECT_OBSERVATION
standard:prov,standard-category:lineage,IN_STANDARD_CATEGORY,DIRECT_OBSERVATION
standard:prov,assessment:prov,HAS_ASSESSMENT,DIRECT_OBSERVATION
assessment:prov,standard:prov,ASSESSES,DIRECT_OBSERVATION
assessment:prov,judgement:assess,JUDGED_AS,DIRECT_OBSERVATION
assessment:prov,tier:stable,HAS_TIER,DIRECT_OBSERVATION
assessment:prov,tier:niche,HAS_TIER,DIRECT_OBSERVATION
standard:prov,governance:formal-standard,HAS_GOVERNANCE_TYPE,DIRECT_OBSERVATION
standard:gql,standard-category:query,IN_STANDARD_CATEGORY,DIRECT_OBSERVATION
standard:gql,assessment:gql,HAS_ASSESSMENT,DIRECT_OBSERVATION
assessment:gql,standard:gql,ASSESSES,DIRECT_OBSERVATION
assessment:gql,judgement:situational,JUDGED_AS,DIRECT_OBSERVATION
assessment:gql,tier:stable,HAS_TIER,DIRECT_OBSERVATION
assessment:gql,tier:niche,HAS_TIER,DIRECT_OBSERVATION
standard:gql,governance:formal-standard,HAS_GOVERNANCE_TYPE,DIRECT_OBSERVATION
standard:odata,standard-category:contracts,IN_STANDARD_CATEGORY,DIRECT_OBSERVATION
standard:odata,assessment:odata,HAS_ASSESSMENT,DIRECT_OBSERVATION
assessment:odata,standard:odata,ASSESSES,DIRECT_OBSERVATION
assessment:odata,judgement:situational,JUDGED_AS,DIRECT_OBSERVATION
assessment:odata,tier:stable,HAS_TIER,DIRECT_OBSERVATION
standard:odata,governance:formal-standard,HAS_GOVERNANCE_TYPE,DIRECT_OBSERVATION
standard:frictionless-table-schema,standard-category:schema,IN_STANDARD_CATEGORY,DIRECT_OBSERVATION
standard:frictionless-table-schema,assessment:frictionless-table-schema,HAS_ASSESSMENT,DIRECT_OBSERVATION
assessment:frictionless-table-schema,standard:frictionless-table-schema,ASSESSES,DIRECT_OBSERVATION
assessment:frictionless-table-schema,judgement:assess,JUDGED_AS,DIRECT_OBSERVATION
assessment:frictionless-table-schema,tier:stable,HAS_TIER,DIRECT_OBSERVATION
assessment:frictionless-table-schema,tier:niche,HAS_TIER,DIRECT_OBSERVATION
standard:frictionless-table-schema,governance:community,HAS_GOVERNANCE_TYPE,DIRECT_OBSERVATION
standard:airflow,standard-category:processing,IN_STANDARD_CATEGORY,OFFICIAL_SOURCE_EXTENSION
standard:airflow,assessment:airflow,HAS_ASSESSMENT,EDITORIAL_ASSESSMENT
assessment:airflow,standard:airflow,ASSESSES,EDITORIAL_ASSESSMENT
assessment:airflow,judgement:situational,JUDGED_AS,EDITORIAL_ASSESSMENT
assessment:airflow,tier:stable,HAS_TIER,EDITORIAL_ASSESSMENT
standard:airflow,governance:foundation,HAS_GOVERNANCE_TYPE,OFFICIAL_SOURCE_EXTENSION
standard:prefect,standard-category:processing,IN_STANDARD_CATEGORY,OFFICIAL_SOURCE_EXTENSION
standard:prefect,assessment:prefect,HAS_ASSESSMENT,EDITORIAL_ASSESSMENT
assessment:prefect,standard:prefect,ASSESSES,EDITORIAL_ASSESSMENT
assessment:prefect,judgement:assess,JUDGED_AS,EDITORIAL_ASSESSMENT
assessment:prefect,tier:vendor,HAS_TIER,EDITORIAL_ASSESSMENT
standard:prefect,governance:vendor-led,HAS_GOVERNANCE_TYPE,OFFICIAL_SOURCE_EXTENSION
standard:temporal,standard-category:processing,IN_STANDARD_CATEGORY,OFFICIAL_SOURCE_EXTENSION
standard:temporal,assessment:temporal,HAS_ASSESSMENT,EDITORIAL_ASSESSMENT
assessment:temporal,standard:temporal,ASSESSES,EDITORIAL_ASSESSMENT
assessment:temporal,judgement:situational,JUDGED_AS,EDITORIAL_ASSESSMENT
assessment:temporal,tier:vendor,HAS_TIER,EDITORIAL_ASSESSMENT
standard:temporal,governance:vendor-led,HAS_GOVERNANCE_TYPE,OFFICIAL_SOURCE_EXTENSION
regulation:gdpr,regulation-category:eu-data-and-ai-acts,IN_REGULATION_CATEGORY,DIRECT_OBSERVATION
regulation:gdpr,jurisdiction:eu,APPLIES_IN,NORMALISED_FROM_SOURCE
regulation:gdpr,governance:law,HAS_GOVERNANCE_TYPE,DIRECT_OBSERVATION
regulation:eu-ai-act,regulation-category:eu-data-and-ai-acts,IN_REGULATION_CATEGORY,DIRECT_OBSERVATION
regulation:eu-ai-act,jurisdiction:eu,APPLIES_IN,NORMALISED_FROM_SOURCE
regulation:eu-ai-act,governance:law,HAS_GOVERNANCE_TYPE,DIRECT_OBSERVATION
regulation:eu-data-act,regulation-category:eu-data-and-ai-acts,IN_REGULATION_CATEGORY,DIRECT_OBSERVATION
regulation:eu-data-act,jurisdiction:eu,APPLIES_IN,NORMALISED_FROM_SOURCE
regulation:eu-data-act,governance:law,HAS_GOVERNANCE_TYPE,DIRECT_OBSERVATION
regulation:eu-dga,regulation-category:eu-data-and-ai-acts,IN_REGULATION_CATEGORY,DIRECT_OBSERVATION
regulation:eu-dga,jurisdiction:eu,APPLIES_IN,NORMALISED_FROM_SOURCE
regulation:eu-dga,governance:law,HAS_GOVERNANCE_TYPE,DIRECT_OBSERVATION
regulation:nis2,regulation-category:eu-resilience-and-security-acts,IN_REGULATION_CATEGORY,DIRECT_OBSERVATION
regulation:nis2,jurisdiction:eu,APPLIES_IN,NORMALISED_FROM_SOURCE
regulation:nis2,governance:law,HAS_GOVERNANCE_TYPE,DIRECT_OBSERVATION
regulation:dora,regulation-category:eu-resilience-and-security-acts,IN_REGULATION_CATEGORY,DIRECT_OBSERVATION
regulation:dora,jurisdiction:eu,APPLIES_IN,NORMALISED_FROM_SOURCE
regulation:dora,governance:law,HAS_GOVERNANCE_TYPE,DIRECT_OBSERVATION
regulation:eu-cra,regulation-category:eu-resilience-and-security-acts,IN_REGULATION_CATEGORY,DIRECT_OBSERVATION
regulation:eu-cra,jurisdiction:eu,APPLIES_IN,NORMALISED_FROM_SOURCE
regulation:eu-cra,governance:law,HAS_GOVERNANCE_TYPE,DIRECT_OBSERVATION
regulation:bcbs-239,regulation-category:global-and-sector-regulation,IN_REGULATION_CATEGORY,DIRECT_OBSERVATION
regulation:bcbs-239,jurisdiction:global,APPLIES_IN,NORMALISED_FROM_SOURCE
regulation:bcbs-239,governance:law,HAS_GOVERNANCE_TYPE,DIRECT_OBSERVATION
regulation:sox,regulation-category:global-and-sector-regulation,IN_REGULATION_CATEGORY,DIRECT_OBSERVATION
regulation:sox,jurisdiction:us,APPLIES_IN,NORMALISED_FROM_SOURCE
regulation:sox,jurisdiction:global,APPLIES_IN,NORMALISED_FROM_SOURCE
regulation:sox,governance:law,HAS_GOVERNANCE_TYPE,DIRECT_OBSERVATION
regulation:hipaa,regulation-category:global-and-sector-regulation,IN_REGULATION_CATEGORY,DIRECT_OBSERVATION
regulation:hipaa,jurisdiction:us,APPLIES_IN,NORMALISED_FROM_SOURCE
regulation:hipaa,governance:law,HAS_GOVERNANCE_TYPE,DIRECT_OBSERVATION
regulation:ccpa-cpra,regulation-category:global-and-sector-regulation,IN_REGULATION_CATEGORY,DIRECT_OBSERVATION
regulation:ccpa-cpra,jurisdiction:us,APPLIES_IN,NORMALISED_FROM_SOURCE
regulation:ccpa-cpra,governance:law,HAS_GOVERNANCE_TYPE,DIRECT_OBSERVATION
regulation:dama-dmbok,regulation-category:data-management-frameworks,IN_REGULATION_CATEGORY,DIRECT_OBSERVATION
regulation:dama-dmbok,jurisdiction:global,APPLIES_IN,NORMALISED_FROM_SOURCE
regulation:dama-dmbok,governance:community,HAS_GOVERNANCE_TYPE,DIRECT_OBSERVATION
regulation:dcam,regulation-category:data-management-frameworks,IN_REGULATION_CATEGORY,DIRECT_OBSERVATION
regulation:dcam,jurisdiction:global,APPLIES_IN,NORMALISED_FROM_SOURCE
regulation:dcam,governance:community,HAS_GOVERNANCE_TYPE,DIRECT_OBSERVATION
regulation:cdmc,regulation-category:data-management-frameworks,IN_REGULATION_CATEGORY,DIRECT_OBSERVATION
regulation:cdmc,jurisdiction:global,APPLIES_IN,NORMALISED_FROM_SOURCE
regulation:cdmc,governance:community,HAS_GOVERNANCE_TYPE,DIRECT_OBSERVATION
regulation:iso-38505,regulation-category:data-management-frameworks,IN_REGULATION_CATEGORY,DIRECT_OBSERVATION
regulation:iso-38505,jurisdiction:global,APPLIES_IN,NORMALISED_FROM_SOURCE
regulation:iso-38505,governance:formal-standard,HAS_GOVERNANCE_TYPE,DIRECT_OBSERVATION
regulation:iso-8000,regulation-category:metadata-and-quality,IN_REGULATION_CATEGORY,DIRECT_OBSERVATION
regulation:iso-8000,jurisdiction:global,APPLIES_IN,NORMALISED_FROM_SOURCE
regulation:iso-8000,governance:formal-standard,HAS_GOVERNANCE_TYPE,DIRECT_OBSERVATION
regulation:iso-11179,regulation-category:metadata-and-quality,IN_REGULATION_CATEGORY,DIRECT_OBSERVATION
regulation:iso-11179,jurisdiction:global,APPLIES_IN,NORMALISED_FROM_SOURCE
regulation:iso-11179,governance:formal-standard,HAS_GOVERNANCE_TYPE,DIRECT_OBSERVATION
regulation:iso-25012,regulation-category:metadata-and-quality,IN_REGULATION_CATEGORY,DIRECT_OBSERVATION
regulation:iso-25012,jurisdiction:global,APPLIES_IN,NORMALISED_FROM_SOURCE
regulation:iso-25012,governance:formal-standard,HAS_GOVERNANCE_TYPE,DIRECT_OBSERVATION
regulation:odrl,regulation-category:usage-policy-and-rights,IN_REGULATION_CATEGORY,DIRECT_OBSERVATION
regulation:odrl,jurisdiction:global,APPLIES_IN,NORMALISED_FROM_SOURCE
regulation:odrl,governance:formal-standard,HAS_GOVERNANCE_TYPE,DIRECT_OBSERVATION
regulation:dpv,regulation-category:usage-policy-and-rights,IN_REGULATION_CATEGORY,DIRECT_OBSERVATION
regulation:dpv,jurisdiction:eu,APPLIES_IN,NORMALISED_FROM_SOURCE
regulation:dpv,governance:community,HAS_GOVERNANCE_TYPE,DIRECT_OBSERVATION
regulation:opa,regulation-category:usage-policy-and-rights,IN_REGULATION_CATEGORY,DIRECT_OBSERVATION
regulation:opa,jurisdiction:global,APPLIES_IN,NORMALISED_FROM_SOURCE
regulation:opa,governance:foundation,HAS_GOVERNANCE_TYPE,DIRECT_OBSERVATION
regulation:xacml,regulation-category:identity-and-access,IN_REGULATION_CATEGORY,DIRECT_OBSERVATION
regulation:xacml,jurisdiction:global,APPLIES_IN,NORMALISED_FROM_SOURCE
regulation:xacml,governance:formal-standard,HAS_GOVERNANCE_TYPE,DIRECT_OBSERVATION
regulation:iso-27001,regulation-category:management-systems,IN_REGULATION_CATEGORY,DIRECT_OBSERVATION
regulation:iso-27001,jurisdiction:global,APPLIES_IN,NORMALISED_FROM_SOURCE
regulation:iso-27001,governance:formal-standard,HAS_GOVERNANCE_TYPE,DIRECT_OBSERVATION
regulation:nist-csf,regulation-category:management-systems,IN_REGULATION_CATEGORY,DIRECT_OBSERVATION
regulation:nist-csf,jurisdiction:us,APPLIES_IN,NORMALISED_FROM_SOURCE
regulation:nist-csf,jurisdiction:global,APPLIES_IN,NORMALISED_FROM_SOURCE
regulation:nist-csf,governance:formal-standard,HAS_GOVERNANCE_TYPE,DIRECT_OBSERVATION
regulation:nist-rmf,regulation-category:management-systems,IN_REGULATION_CATEGORY,DIRECT_OBSERVATION
regulation:nist-rmf,jurisdiction:us,APPLIES_IN,NORMALISED_FROM_SOURCE
regulation:nist-rmf,governance:formal-standard,HAS_GOVERNANCE_TYPE,DIRECT_OBSERVATION
regulation:bsi-grundschutz,regulation-category:management-systems,IN_REGULATION_CATEGORY,DIRECT_OBSERVATION
regulation:bsi-grundschutz,jurisdiction:eu,APPLIES_IN,NORMALISED_FROM_SOURCE
regulation:bsi-grundschutz,jurisdiction:germany,APPLIES_IN,NORMALISED_FROM_SOURCE
regulation:bsi-grundschutz,governance:formal-standard,HAS_GOVERNANCE_TYPE,DIRECT_OBSERVATION
regulation:iso-27002,regulation-category:security-controls,IN_REGULATION_CATEGORY,DIRECT_OBSERVATION
regulation:iso-27002,jurisdiction:global,APPLIES_IN,NORMALISED_FROM_SOURCE
regulation:iso-27002,governance:formal-standard,HAS_GOVERNANCE_TYPE,DIRECT_OBSERVATION
regulation:nist-800-53,regulation-category:security-controls,IN_REGULATION_CATEGORY,DIRECT_OBSERVATION
regulation:nist-800-53,jurisdiction:us,APPLIES_IN,NORMALISED_FROM_SOURCE
regulation:nist-800-53,jurisdiction:global,APPLIES_IN,NORMALISED_FROM_SOURCE
regulation:nist-800-53,governance:formal-standard,HAS_GOVERNANCE_TYPE,DIRECT_OBSERVATION
regulation:cis-controls,regulation-category:security-controls,IN_REGULATION_CATEGORY,DIRECT_OBSERVATION
regulation:cis-controls,jurisdiction:global,APPLIES_IN,NORMALISED_FROM_SOURCE
regulation:cis-controls,governance:community,HAS_GOVERNANCE_TYPE,DIRECT_OBSERVATION
regulation:iso-27701,regulation-category:privacy,IN_REGULATION_CATEGORY,DIRECT_OBSERVATION
regulation:iso-27701,jurisdiction:global,APPLIES_IN,NORMALISED_FROM_SOURCE
regulation:iso-27701,governance:formal-standard,HAS_GOVERNANCE_TYPE,DIRECT_OBSERVATION
regulation:iso-27018,regulation-category:privacy,IN_REGULATION_CATEGORY,DIRECT_OBSERVATION
regulation:iso-27018,jurisdiction:global,APPLIES_IN,NORMALISED_FROM_SOURCE
regulation:iso-27018,governance:formal-standard,HAS_GOVERNANCE_TYPE,DIRECT_OBSERVATION
regulation:nist-privacy,regulation-category:privacy,IN_REGULATION_CATEGORY,DIRECT_OBSERVATION
regulation:nist-privacy,jurisdiction:us,APPLIES_IN,NORMALISED_FROM_SOURCE
regulation:nist-privacy,jurisdiction:global,APPLIES_IN,NORMALISED_FROM_SOURCE
regulation:nist-privacy,governance:formal-standard,HAS_GOVERNANCE_TYPE,DIRECT_OBSERVATION
regulation:iso-29100,regulation-category:privacy,IN_REGULATION_CATEGORY,DIRECT_OBSERVATION
regulation:iso-29100,jurisdiction:global,APPLIES_IN,NORMALISED_FROM_SOURCE
regulation:iso-29100,governance:formal-standard,HAS_GOVERNANCE_TYPE,DIRECT_OBSERVATION
regulation:mitre-attack,regulation-category:threat-intelligence,IN_REGULATION_CATEGORY,DIRECT_OBSERVATION
regulation:mitre-attack,jurisdiction:global,APPLIES_IN,NORMALISED_FROM_SOURCE
regulation:mitre-attack,governance:community,HAS_GOVERNANCE_TYPE,DIRECT_OBSERVATION
regulation:mitre-d3fend,regulation-category:threat-intelligence,IN_REGULATION_CATEGORY,DIRECT_OBSERVATION
regulation:mitre-d3fend,jurisdiction:global,APPLIES_IN,NORMALISED_FROM_SOURCE
regulation:mitre-d3fend,governance:community,HAS_GOVERNANCE_TYPE,DIRECT_OBSERVATION
regulation:cwe,regulation-category:threat-intelligence,IN_REGULATION_CATEGORY,DIRECT_OBSERVATION
regulation:cwe,jurisdiction:global,APPLIES_IN,NORMALISED_FROM_SOURCE
regulation:cwe,governance:community,HAS_GOVERNANCE_TYPE,DIRECT_OBSERVATION
regulation:capec,regulation-category:threat-intelligence,IN_REGULATION_CATEGORY,DIRECT_OBSERVATION
regulation:capec,jurisdiction:global,APPLIES_IN,NORMALISED_FROM_SOURCE
regulation:capec,governance:community,HAS_GOVERNANCE_TYPE,DIRECT_OBSERVATION
regulation:stix,regulation-category:threat-intelligence,IN_REGULATION_CATEGORY,DIRECT_OBSERVATION
regulation:stix,jurisdiction:global,APPLIES_IN,NORMALISED_FROM_SOURCE
regulation:stix,governance:formal-standard,HAS_GOVERNANCE_TYPE,DIRECT_OBSERVATION
regulation:taxii,regulation-category:threat-intelligence,IN_REGULATION_CATEGORY,DIRECT_OBSERVATION
regulation:taxii,jurisdiction:global,APPLIES_IN,NORMALISED_FROM_SOURCE
regulation:taxii,governance:formal-standard,HAS_GOVERNANCE_TYPE,DIRECT_OBSERVATION
regulation:iso-42001,regulation-category:ai-governance,IN_REGULATION_CATEGORY,DIRECT_OBSERVATION
regulation:iso-42001,jurisdiction:global,APPLIES_IN,NORMALISED_FROM_SOURCE
regulation:iso-42001,governance:formal-standard,HAS_GOVERNANCE_TYPE,DIRECT_OBSERVATION
regulation:iso-23894,regulation-category:ai-governance,IN_REGULATION_CATEGORY,DIRECT_OBSERVATION
regulation:iso-23894,jurisdiction:global,APPLIES_IN,NORMALISED_FROM_SOURCE
regulation:iso-23894,governance:formal-standard,HAS_GOVERNANCE_TYPE,DIRECT_OBSERVATION
regulation:nist-ai-rmf,regulation-category:ai-governance,IN_REGULATION_CATEGORY,DIRECT_OBSERVATION
regulation:nist-ai-rmf,jurisdiction:us,APPLIES_IN,NORMALISED_FROM_SOURCE
regulation:nist-ai-rmf,jurisdiction:global,APPLIES_IN,NORMALISED_FROM_SOURCE
regulation:nist-ai-rmf,governance:formal-standard,HAS_GOVERNANCE_TYPE,DIRECT_OBSERVATION
regulation:cen-clc-jtc21,regulation-category:ai-governance,IN_REGULATION_CATEGORY,DIRECT_OBSERVATION
regulation:cen-clc-jtc21,jurisdiction:eu,APPLIES_IN,NORMALISED_FROM_SOURCE
regulation:cen-clc-jtc21,governance:formal-standard,HAS_GOVERNANCE_TYPE,DIRECT_OBSERVATION
regulation:iso-5259,regulation-category:ai-governance,IN_REGULATION_CATEGORY,DIRECT_OBSERVATION
regulation:iso-5259,jurisdiction:global,APPLIES_IN,NORMALISED_FROM_SOURCE
regulation:iso-5259,governance:formal-standard,HAS_GOVERNANCE_TYPE,DIRECT_OBSERVATION
regulation:owasp-llm-top10,regulation-category:application-and-api-security,IN_REGULATION_CATEGORY,DIRECT_OBSERVATION
regulation:owasp-llm-top10,jurisdiction:global,APPLIES_IN,NORMALISED_FROM_SOURCE
regulation:owasp-llm-top10,governance:community,HAS_GOVERNANCE_TYPE,DIRECT_OBSERVATION
regulation:owasp-api-top10,regulation-category:application-and-api-security,IN_REGULATION_CATEGORY,DIRECT_OBSERVATION
regulation:owasp-api-top10,jurisdiction:global,APPLIES_IN,NORMALISED_FROM_SOURCE
regulation:owasp-api-top10,governance:community,HAS_GOVERNANCE_TYPE,DIRECT_OBSERVATION
regulation:owasp-asvs,regulation-category:application-and-api-security,IN_REGULATION_CATEGORY,DIRECT_OBSERVATION
regulation:owasp-asvs,jurisdiction:global,APPLIES_IN,NORMALISED_FROM_SOURCE
regulation:owasp-asvs,governance:community,HAS_GOVERNANCE_TYPE,DIRECT_OBSERVATION
regulation:owasp-samm,regulation-category:application-and-api-security,IN_REGULATION_CATEGORY,DIRECT_OBSERVATION
regulation:owasp-samm,jurisdiction:global,APPLIES_IN,NORMALISED_FROM_SOURCE
regulation:owasp-samm,governance:community,HAS_GOVERNANCE_TYPE,DIRECT_OBSERVATION
regulation:owasp-ml-top10,regulation-category:application-and-api-security,IN_REGULATION_CATEGORY,DIRECT_OBSERVATION
regulation:owasp-ml-top10,jurisdiction:global,APPLIES_IN,NORMALISED_FROM_SOURCE
regulation:owasp-ml-top10,governance:community,HAS_GOVERNANCE_TYPE,DIRECT_OBSERVATION
regulation:csa-ccm,regulation-category:cloud-and-certification,IN_REGULATION_CATEGORY,DIRECT_OBSERVATION
regulation:csa-ccm,jurisdiction:global,APPLIES_IN,NORMALISED_FROM_SOURCE
regulation:csa-ccm,governance:community,HAS_GOVERNANCE_TYPE,DIRECT_OBSERVATION
regulation:iso-27017,regulation-category:cloud-and-certification,IN_REGULATION_CATEGORY,DIRECT_OBSERVATION
regulation:iso-27017,jurisdiction:global,APPLIES_IN,NORMALISED_FROM_SOURCE
regulation:iso-27017,governance:formal-standard,HAS_GOVERNANCE_TYPE,DIRECT_OBSERVATION
regulation:bsi-c5,regulation-category:cloud-and-certification,IN_REGULATION_CATEGORY,DIRECT_OBSERVATION
regulation:bsi-c5,jurisdiction:eu,APPLIES_IN,NORMALISED_FROM_SOURCE
regulation:bsi-c5,jurisdiction:germany,APPLIES_IN,NORMALISED_FROM_SOURCE
regulation:bsi-c5,governance:formal-standard,HAS_GOVERNANCE_TYPE,DIRECT_OBSERVATION
regulation:eu-cloud-coc,regulation-category:cloud-and-certification,IN_REGULATION_CATEGORY,DIRECT_OBSERVATION
regulation:eu-cloud-coc,jurisdiction:eu,APPLIES_IN,NORMALISED_FROM_SOURCE
regulation:eu-cloud-coc,governance:community,HAS_GOVERNANCE_TYPE,DIRECT_OBSERVATION
regulation:soc2,regulation-category:audit-and-attestation,IN_REGULATION_CATEGORY,DIRECT_OBSERVATION
regulation:soc2,jurisdiction:us,APPLIES_IN,NORMALISED_FROM_SOURCE
regulation:soc2,jurisdiction:global,APPLIES_IN,NORMALISED_FROM_SOURCE
regulation:soc2,governance:formal-standard,HAS_GOVERNANCE_TYPE,DIRECT_OBSERVATION
regulation:isae-3402,regulation-category:audit-and-attestation,IN_REGULATION_CATEGORY,DIRECT_OBSERVATION
regulation:isae-3402,jurisdiction:global,APPLIES_IN,NORMALISED_FROM_SOURCE
regulation:isae-3402,governance:formal-standard,HAS_GOVERNANCE_TYPE,DIRECT_OBSERVATION
regulation:spdx,regulation-category:software-supply-chain,IN_REGULATION_CATEGORY,DIRECT_OBSERVATION
regulation:spdx,jurisdiction:global,APPLIES_IN,NORMALISED_FROM_SOURCE
regulation:spdx,governance:foundation,HAS_GOVERNANCE_TYPE,DIRECT_OBSERVATION
regulation:cyclonedx,regulation-category:software-supply-chain,IN_REGULATION_CATEGORY,DIRECT_OBSERVATION
regulation:cyclonedx,jurisdiction:global,APPLIES_IN,NORMALISED_FROM_SOURCE
regulation:cyclonedx,governance:community,HAS_GOVERNANCE_TYPE,DIRECT_OBSERVATION
regulation:slsa,regulation-category:software-supply-chain,IN_REGULATION_CATEGORY,DIRECT_OBSERVATION
regulation:slsa,jurisdiction:global,APPLIES_IN,NORMALISED_FROM_SOURCE
regulation:slsa,governance:foundation,HAS_GOVERNANCE_TYPE,DIRECT_OBSERVATION
regulation:sigstore,regulation-category:software-supply-chain,IN_REGULATION_CATEGORY,DIRECT_OBSERVATION
regulation:sigstore,jurisdiction:global,APPLIES_IN,NORMALISED_FROM_SOURCE
regulation:sigstore,governance:foundation,HAS_GOVERNANCE_TYPE,DIRECT_OBSERVATION
regulation:in-toto,regulation-category:software-supply-chain,IN_REGULATION_CATEGORY,DIRECT_OBSERVATION
regulation:in-toto,jurisdiction:global,APPLIES_IN,NORMALISED_FROM_SOURCE
regulation:in-toto,governance:foundation,HAS_GOVERNANCE_TYPE,DIRECT_OBSERVATION
regulation:gaia-x,regulation-category:data-spaces-and-sovereignty,IN_REGULATION_CATEGORY,DIRECT_OBSERVATION
regulation:gaia-x,jurisdiction:eu,APPLIES_IN,NORMALISED_FROM_SOURCE
regulation:gaia-x,governance:community,HAS_GOVERNANCE_TYPE,DIRECT_OBSERVATION
regulation:dataspace-protocol,regulation-category:data-spaces-and-sovereignty,IN_REGULATION_CATEGORY,DIRECT_OBSERVATION
regulation:dataspace-protocol,jurisdiction:eu,APPLIES_IN,NORMALISED_FROM_SOURCE
regulation:dataspace-protocol,governance:community,HAS_GOVERNANCE_TYPE,DIRECT_OBSERVATION
regulation:dssc-blueprint,regulation-category:data-spaces-and-sovereignty,IN_REGULATION_CATEGORY,DIRECT_OBSERVATION
regulation:dssc-blueprint,jurisdiction:eu,APPLIES_IN,NORMALISED_FROM_SOURCE
regulation:dssc-blueprint,governance:community,HAS_GOVERNANCE_TYPE,DIRECT_OBSERVATION
regulation:ids-ram,regulation-category:data-spaces-and-sovereignty,IN_REGULATION_CATEGORY,DIRECT_OBSERVATION
regulation:ids-ram,jurisdiction:eu,APPLIES_IN,NORMALISED_FROM_SOURCE
regulation:ids-ram,governance:community,HAS_GOVERNANCE_TYPE,DIRECT_OBSERVATION
regulation:saml,regulation-category:identity-and-access,IN_REGULATION_CATEGORY,DIRECT_OBSERVATION
regulation:saml,jurisdiction:global,APPLIES_IN,NORMALISED_FROM_SOURCE
regulation:saml,governance:formal-standard,HAS_GOVERNANCE_TYPE,DIRECT_OBSERVATION
regulation:oauth2,regulation-category:identity-and-access,IN_REGULATION_CATEGORY,DIRECT_OBSERVATION
regulation:oauth2,jurisdiction:global,APPLIES_IN,NORMALISED_FROM_SOURCE
regulation:oauth2,governance:formal-standard,HAS_GOVERNANCE_TYPE,DIRECT_OBSERVATION
regulation:oidc,regulation-category:identity-and-access,IN_REGULATION_CATEGORY,DIRECT_OBSERVATION
regulation:oidc,jurisdiction:global,APPLIES_IN,NORMALISED_FROM_SOURCE
regulation:oidc,governance:community,HAS_GOVERNANCE_TYPE,DIRECT_OBSERVATION
regulation:scim,regulation-category:identity-and-access,IN_REGULATION_CATEGORY,DIRECT_OBSERVATION
regulation:scim,jurisdiction:global,APPLIES_IN,NORMALISED_FROM_SOURCE
regulation:scim,governance:formal-standard,HAS_GOVERNANCE_TYPE,DIRECT_OBSERVATION
regulation:did,regulation-category:agent-identity-and-trust,IN_REGULATION_CATEGORY,DIRECT_OBSERVATION
regulation:did,jurisdiction:global,APPLIES_IN,NORMALISED_FROM_SOURCE
regulation:did,governance:formal-standard,HAS_GOVERNANCE_TYPE,DIRECT_OBSERVATION
regulation:verifiable-credentials,regulation-category:agent-identity-and-trust,IN_REGULATION_CATEGORY,DIRECT_OBSERVATION
regulation:verifiable-credentials,jurisdiction:global,APPLIES_IN,NORMALISED_FROM_SOURCE
regulation:verifiable-credentials,governance:formal-standard,HAS_GOVERNANCE_TYPE,DIRECT_OBSERVATION
regulation:acp,regulation-category:agent-interaction,IN_REGULATION_CATEGORY,DIRECT_OBSERVATION
regulation:acp,jurisdiction:global,APPLIES_IN,NORMALISED_FROM_SOURCE
regulation:acp,governance:foundation,HAS_GOVERNANCE_TYPE,DIRECT_OBSERVATION
regulation:ag-ui,regulation-category:agent-interaction,IN_REGULATION_CATEGORY,DIRECT_OBSERVATION
regulation:ag-ui,jurisdiction:global,APPLIES_IN,NORMALISED_FROM_SOURCE
regulation:ag-ui,governance:community,HAS_GOVERNANCE_TYPE,DIRECT_OBSERVATION
regulation:ap2,regulation-category:agent-interaction,IN_REGULATION_CATEGORY,DIRECT_OBSERVATION
regulation:ap2,jurisdiction:global,APPLIES_IN,NORMALISED_FROM_SOURCE
regulation:ap2,governance:community,HAS_GOVERNANCE_TYPE,DIRECT_OBSERVATION
standard:odrl,regulation:odrl,DESCRIBES_SAME_RESOURCE_AS,IDENTITY_CONFIRMED
regulation:odrl,standard:odrl,DESCRIBES_SAME_RESOURCE_AS,IDENTITY_CONFIRMED
standard:opa,regulation:opa,DESCRIBES_SAME_RESOURCE_AS,IDENTITY_CONFIRMED
regulation:opa,standard:opa,DESCRIBES_SAME_RESOURCE_AS,IDENTITY_CONFIRMED
mapping:csa-ccm-to-nist-csf,regulation:csa-ccm,SOURCE_ENTRY,OFFICIAL_SOURCE
mapping:csa-ccm-to-nist-csf,regulation:nist-csf,TARGET_ENTRY,OFFICIAL_SOURCE
mapping:csa-ccm-to-nist-csf,mapping-relation:maps-to,HAS_MAPPING_RELATION,OFFICIAL_SOURCE
mapping:csa-ccm-to-nist-csf,mapping-authority:source-author,HAS_AUTHORITY_TYPE,OFFICIAL_SOURCE
mapping:csa-ccm-to-iso-27001,regulation:csa-ccm,SOURCE_ENTRY,OFFICIAL_SOURCE
mapping:csa-ccm-to-iso-27001,regulation:iso-27001,TARGET_ENTRY,OFFICIAL_SOURCE
mapping:csa-ccm-to-iso-27001,mapping-relation:maps-to,HAS_MAPPING_RELATION,OFFICIAL_SOURCE
mapping:csa-ccm-to-iso-27001,mapping-authority:source-author,HAS_AUTHORITY_TYPE,OFFICIAL_SOURCE
mapping:eu-cloud-coc-to-gdpr,regulation:eu-cloud-coc,SOURCE_ENTRY,OFFICIAL_SOURCE
mapping:eu-cloud-coc-to-gdpr,regulation:gdpr,TARGET_ENTRY,OFFICIAL_SOURCE
mapping:eu-cloud-coc-to-gdpr,mapping-relation:supports-evidence-for,HAS_MAPPING_RELATION,OFFICIAL_SOURCE
mapping:eu-cloud-coc-to-gdpr,mapping-authority:regulator-issued,HAS_AUTHORITY_TYPE,OFFICIAL_SOURCE
component-mapping:data-product-definition-odps,component-type:data-product-definition,MAPS_COMPONENT_TYPE,CURATED_DESIGN_MAPPING
component-mapping:data-product-definition-odps,standard:odps,IMPLEMENTATION_OPTION,CURATED_DESIGN_MAPPING
component-mapping:data-contract-definition-odcs,component-type:data-contract-definition,MAPS_COMPONENT_TYPE,CURATED_DESIGN_MAPPING
component-mapping:data-contract-definition-odcs,standard:odcs,IMPLEMENTATION_OPTION,CURATED_DESIGN_MAPPING
component-mapping:semantic-description-ossie,component-type:semantic-description,MAPS_COMPONENT_TYPE,CURATED_DESIGN_MAPPING
component-mapping:semantic-description-ossie,standard:ossie,IMPLEMENTATION_OPTION,CURATED_DESIGN_MAPPING
component-mapping:trigger-invocation-cloudevents,component-type:trigger-invocation,MAPS_COMPONENT_TYPE,CURATED_DESIGN_MAPPING
component-mapping:trigger-invocation-cloudevents,standard:cloudevents,IMPLEMENTATION_OPTION,CURATED_DESIGN_MAPPING
component-mapping:workload-planning-airflow,component-type:workload-planning,MAPS_COMPONENT_TYPE,CURATED_DESIGN_MAPPING
component-mapping:workload-planning-airflow,standard:airflow,IMPLEMENTATION_OPTION,CURATED_DESIGN_MAPPING
component-mapping:workload-planning-prefect,component-type:workload-planning,MAPS_COMPONENT_TYPE,CURATED_DESIGN_MAPPING
component-mapping:workload-planning-prefect,standard:prefect,IMPLEMENTATION_OPTION,CURATED_DESIGN_MAPPING
component-mapping:workload-planning-temporal,component-type:workload-planning,MAPS_COMPONENT_TYPE,CURATED_DESIGN_MAPPING
component-mapping:workload-planning-temporal,standard:temporal,IMPLEMENTATION_OPTION,CURATED_DESIGN_MAPPING
component-mapping:secure-read-access-opa,component-type:secure-read-access,MAPS_COMPONENT_TYPE,CURATED_DESIGN_MAPPING
component-mapping:secure-read-access-opa,standard:opa,IMPLEMENTATION_OPTION,CURATED_DESIGN_MAPPING
component-mapping:source-connectivity-adbc,component-type:source-connectivity,MAPS_COMPONENT_TYPE,CURATED_DESIGN_MAPPING
component-mapping:source-connectivity-adbc,standard:adbc,IMPLEMENTATION_OPTION,CURATED_DESIGN_MAPPING
component-mapping:source-connectivity-jdbc,component-type:source-connectivity,MAPS_COMPONENT_TYPE,CURATED_DESIGN_MAPPING
component-mapping:source-connectivity-jdbc,standard:jdbc,IMPLEMENTATION_OPTION,CURATED_DESIGN_MAPPING
component-mapping:source-connectivity-odbc,component-type:source-connectivity,MAPS_COMPONENT_TYPE,CURATED_DESIGN_MAPPING
component-mapping:source-connectivity-odbc,standard:odbc,IMPLEMENTATION_OPTION,CURATED_DESIGN_MAPPING
component-mapping:source-connectivity-http,component-type:source-connectivity,MAPS_COMPONENT_TYPE,CURATED_DESIGN_MAPPING
component-mapping:source-connectivity-http,standard:http,IMPLEMENTATION_OPTION,CURATED_DESIGN_MAPPING
component-mapping:workload-execution-orchestration-airflow,component-type:workload-execution-orchestration,MAPS_COMPONENT_TYPE,CURATED_DESIGN_MAPPING
component-mapping:workload-execution-orchestration-airflow,standard:airflow,IMPLEMENTATION_OPTION,CURATED_DESIGN_MAPPING
component-mapping:workload-execution-orchestration-prefect,component-type:workload-execution-orchestration,MAPS_COMPONENT_TYPE,CURATED_DESIGN_MAPPING
component-mapping:workload-execution-orchestration-prefect,standard:prefect,IMPLEMENTATION_OPTION,CURATED_DESIGN_MAPPING
component-mapping:workload-execution-orchestration-temporal,component-type:workload-execution-orchestration,MAPS_COMPONENT_TYPE,CURATED_DESIGN_MAPPING
component-mapping:workload-execution-orchestration-temporal,standard:temporal,IMPLEMENTATION_OPTION,CURATED_DESIGN_MAPPING
component-mapping:workload-execution-orchestration-dbt,component-type:workload-execution-orchestration,MAPS_COMPONENT_TYPE,CURATED_DESIGN_MAPPING
component-mapping:workload-execution-orchestration-dbt,standard:dbt,IMPLEMENTATION_OPTION,CURATED_DESIGN_MAPPING
component-mapping:lineage-emission-openlineage,component-type:lineage-emission,MAPS_COMPONENT_TYPE,CURATED_DESIGN_MAPPING
component-mapping:lineage-emission-openlineage,standard:openlineage,IMPLEMENTATION_OPTION,CURATED_DESIGN_MAPPING
component-mapping:state-and-idempotency-airflow,component-type:state-and-idempotency,MAPS_COMPONENT_TYPE,CURATED_DESIGN_MAPPING
component-mapping:state-and-idempotency-airflow,standard:airflow,IMPLEMENTATION_OPTION,CURATED_DESIGN_MAPPING
component-mapping:state-and-idempotency-prefect,component-type:state-and-idempotency,MAPS_COMPONENT_TYPE,CURATED_DESIGN_MAPPING
component-mapping:state-and-idempotency-prefect,standard:prefect,IMPLEMENTATION_OPTION,CURATED_DESIGN_MAPPING
component-mapping:state-and-idempotency-temporal,component-type:state-and-idempotency,MAPS_COMPONENT_TYPE,CURATED_DESIGN_MAPPING
component-mapping:state-and-idempotency-temporal,standard:temporal,IMPLEMENTATION_OPTION,CURATED_DESIGN_MAPPING
component-mapping:validation-and-contract-binding-odcs,component-type:validation-and-contract-binding,MAPS_COMPONENT_TYPE,CURATED_DESIGN_MAPPING
component-mapping:validation-and-contract-binding-odcs,standard:odcs,IMPLEMENTATION_OPTION,CURATED_DESIGN_MAPPING
component-mapping:validation-and-contract-binding-dbt-tests,component-type:validation-and-contract-binding,MAPS_COMPONENT_TYPE,CURATED_DESIGN_MAPPING
component-mapping:validation-and-contract-binding-dbt-tests,standard:dbt-tests,IMPLEMENTATION_OPTION,CURATED_DESIGN_MAPPING
component-mapping:failure-isolation-airflow,component-type:failure-isolation,MAPS_COMPONENT_TYPE,CURATED_DESIGN_MAPPING
component-mapping:failure-isolation-airflow,standard:airflow,IMPLEMENTATION_OPTION,CURATED_DESIGN_MAPPING
component-mapping:failure-isolation-prefect,component-type:failure-isolation,MAPS_COMPONENT_TYPE,CURATED_DESIGN_MAPPING
component-mapping:failure-isolation-prefect,standard:prefect,IMPLEMENTATION_OPTION,CURATED_DESIGN_MAPPING
component-mapping:failure-isolation-temporal,component-type:failure-isolation,MAPS_COMPONENT_TYPE,CURATED_DESIGN_MAPPING
component-mapping:failure-isolation-temporal,standard:temporal,IMPLEMENTATION_OPTION,CURATED_DESIGN_MAPPING
component-mapping:secure-write-access-opa,component-type:secure-write-access,MAPS_COMPONENT_TYPE,CURATED_DESIGN_MAPPING
component-mapping:secure-write-access-opa,standard:opa,IMPLEMENTATION_OPTION,CURATED_DESIGN_MAPPING
component-mapping:metadata-registration-iceberg-catalog,component-type:metadata-registration,MAPS_COMPONENT_TYPE,CURATED_DESIGN_MAPPING
component-mapping:metadata-registration-iceberg-catalog,standard:iceberg-catalog,IMPLEMENTATION_OPTION,CURATED_DESIGN_MAPPING
component-mapping:store-write-data-product-iceberg,component-type:store-write-data-product,MAPS_COMPONENT_TYPE,CURATED_DESIGN_MAPPING
component-mapping:store-write-data-product-iceberg,standard:iceberg,IMPLEMENTATION_OPTION,CURATED_DESIGN_MAPPING
component-mapping:store-write-data-product-delta,component-type:store-write-data-product,MAPS_COMPONENT_TYPE,CURATED_DESIGN_MAPPING
component-mapping:store-write-data-product-delta,standard:delta,IMPLEMENTATION_OPTION,CURATED_DESIGN_MAPPING
component-mapping:store-write-data-product-hudi,component-type:store-write-data-product,MAPS_COMPONENT_TYPE,CURATED_DESIGN_MAPPING
component-mapping:store-write-data-product-hudi,standard:hudi,IMPLEMENTATION_OPTION,CURATED_DESIGN_MAPPING
component-regulatory:secure-read-access-gdpr,component-type:secure-read-access,MAPS_COMPONENT_TYPE,CURATED_REGULATORY_RELEVANCE
component-regulatory:secure-read-access-gdpr,regulation:gdpr,REGULATORY_CONTEXT,CURATED_REGULATORY_RELEVANCE
component-regulatory:secure-read-access-hipaa,component-type:secure-read-access,MAPS_COMPONENT_TYPE,CURATED_REGULATORY_RELEVANCE
component-regulatory:secure-read-access-hipaa,regulation:hipaa,REGULATORY_CONTEXT,CURATED_REGULATORY_RELEVANCE
component-regulatory:secure-read-access-nist-800-53,component-type:secure-read-access,MAPS_COMPONENT_TYPE,CURATED_REGULATORY_RELEVANCE
component-regulatory:secure-read-access-nist-800-53,regulation:nist-800-53,REGULATORY_CONTEXT,CURATED_REGULATORY_RELEVANCE
component-regulatory:secure-read-access-ccpa-cpra,component-type:secure-read-access,MAPS_COMPONENT_TYPE,CURATED_REGULATORY_RELEVANCE
component-regulatory:secure-read-access-ccpa-cpra,regulation:ccpa-cpra,REGULATORY_CONTEXT,CURATED_REGULATORY_RELEVANCE
component-regulatory:secure-read-access-dora,component-type:secure-read-access,MAPS_COMPONENT_TYPE,CURATED_REGULATORY_RELEVANCE
component-regulatory:secure-read-access-dora,regulation:dora,REGULATORY_CONTEXT,CURATED_REGULATORY_RELEVANCE
component-regulatory:secure-read-access-nis2,component-type:secure-read-access,MAPS_COMPONENT_TYPE,CURATED_REGULATORY_RELEVANCE
component-regulatory:secure-read-access-nis2,regulation:nis2,REGULATORY_CONTEXT,CURATED_REGULATORY_RELEVANCE
component-regulatory:secure-write-access-gdpr,component-type:secure-write-access,MAPS_COMPONENT_TYPE,CURATED_REGULATORY_RELEVANCE
component-regulatory:secure-write-access-gdpr,regulation:gdpr,REGULATORY_CONTEXT,CURATED_REGULATORY_RELEVANCE
component-regulatory:secure-write-access-hipaa,component-type:secure-write-access,MAPS_COMPONENT_TYPE,CURATED_REGULATORY_RELEVANCE
component-regulatory:secure-write-access-hipaa,regulation:hipaa,REGULATORY_CONTEXT,CURATED_REGULATORY_RELEVANCE
component-regulatory:secure-write-access-nist-800-53,component-type:secure-write-access,MAPS_COMPONENT_TYPE,CURATED_REGULATORY_RELEVANCE
component-regulatory:secure-write-access-nist-800-53,regulation:nist-800-53,REGULATORY_CONTEXT,CURATED_REGULATORY_RELEVANCE
component-regulatory:secure-write-access-ccpa-cpra,component-type:secure-write-access,MAPS_COMPONENT_TYPE,CURATED_REGULATORY_RELEVANCE
component-regulatory:secure-write-access-ccpa-cpra,regulation:ccpa-cpra,REGULATORY_CONTEXT,CURATED_REGULATORY_RELEVANCE
component-regulatory:secure-write-access-dora,component-type:secure-write-access,MAPS_COMPONENT_TYPE,CURATED_REGULATORY_RELEVANCE
component-regulatory:secure-write-access-dora,regulation:dora,REGULATORY_CONTEXT,CURATED_REGULATORY_RELEVANCE
component-regulatory:source-connectivity-hipaa,component-type:source-connectivity,MAPS_COMPONENT_TYPE,CURATED_REGULATORY_RELEVANCE
component-regulatory:source-connectivity-hipaa,regulation:hipaa,REGULATORY_CONTEXT,CURATED_REGULATORY_RELEVANCE
component-regulatory:source-connectivity-nist-800-53,component-type:source-connectivity,MAPS_COMPONENT_TYPE,CURATED_REGULATORY_RELEVANCE
component-regulatory:source-connectivity-nist-800-53,regulation:nist-800-53,REGULATORY_CONTEXT,CURATED_REGULATORY_RELEVANCE
component-regulatory:source-connectivity-dora,component-type:source-connectivity,MAPS_COMPONENT_TYPE,CURATED_REGULATORY_RELEVANCE
component-regulatory:source-connectivity-dora,regulation:dora,REGULATORY_CONTEXT,CURATED_REGULATORY_RELEVANCE
component-regulatory:state-and-idempotency-nist-800-53,component-type:state-and-idempotency,MAPS_COMPONENT_TYPE,CURATED_REGULATORY_RELEVANCE
component-regulatory:state-and-idempotency-nist-800-53,regulation:nist-800-53,REGULATORY_CONTEXT,CURATED_REGULATORY_RELEVANCE
component-regulatory:validation-and-contract-binding-nist-800-53,component-type:validation-and-contract-binding,MAPS_COMPONENT_TYPE,CURATED_REGULATORY_RELEVANCE
component-regulatory:validation-and-contract-binding-nist-800-53,regulation:nist-800-53,REGULATORY_CONTEXT,CURATED_REGULATORY_RELEVANCE
component-regulatory:validation-and-contract-binding-bcbs-239,component-type:validation-and-contract-binding,MAPS_COMPONENT_TYPE,CURATED_REGULATORY_RELEVANCE
component-regulatory:validation-and-contract-binding-bcbs-239,regulation:bcbs-239,REGULATORY_CONTEXT,CURATED_REGULATORY_RELEVANCE
component-regulatory:validation-and-contract-binding-eu-ai-act,component-type:validation-and-contract-binding,MAPS_COMPONENT_TYPE,CURATED_REGULATORY_RELEVANCE
component-regulatory:validation-and-contract-binding-eu-ai-act,regulation:eu-ai-act,REGULATORY_CONTEXT,CURATED_REGULATORY_RELEVANCE
component-regulatory:metadata-registration-gdpr,component-type:metadata-registration,MAPS_COMPONENT_TYPE,CURATED_REGULATORY_RELEVANCE
component-regulatory:metadata-registration-gdpr,regulation:gdpr,REGULATORY_CONTEXT,CURATED_REGULATORY_RELEVANCE
component-regulatory:metadata-registration-iso-11179,component-type:metadata-registration,MAPS_COMPONENT_TYPE,CURATED_REGULATORY_RELEVANCE
component-regulatory:metadata-registration-iso-11179,regulation:iso-11179,REGULATORY_CONTEXT,CURATED_REGULATORY_RELEVANCE
component-regulatory:metadata-registration-bcbs-239,component-type:metadata-registration,MAPS_COMPONENT_TYPE,CURATED_REGULATORY_RELEVANCE
component-regulatory:metadata-registration-bcbs-239,regulation:bcbs-239,REGULATORY_CONTEXT,CURATED_REGULATORY_RELEVANCE
component-regulatory:metadata-registration-hipaa,component-type:metadata-registration,MAPS_COMPONENT_TYPE,CURATED_REGULATORY_RELEVANCE
component-regulatory:metadata-registration-hipaa,regulation:hipaa,REGULATORY_CONTEXT,CURATED_REGULATORY_RELEVANCE
component-regulatory:metadata-registration-nist-800-53,component-type:metadata-registration,MAPS_COMPONENT_TYPE,CURATED_REGULATORY_RELEVANCE
component-regulatory:metadata-registration-nist-800-53,regulation:nist-800-53,REGULATORY_CONTEXT,CURATED_REGULATORY_RELEVANCE
component-regulatory:failure-isolation-nist-800-53,component-type:failure-isolation,MAPS_COMPONENT_TYPE,CURATED_REGULATORY_RELEVANCE
component-regulatory:failure-isolation-nist-800-53,regulation:nist-800-53,REGULATORY_CONTEXT,CURATED_REGULATORY_RELEVANCE
component-regulatory:failure-isolation-dora-art9,component-type:failure-isolation,MAPS_COMPONENT_TYPE,CURATED_REGULATORY_RELEVANCE
component-regulatory:failure-isolation-dora-art9,regulation:dora,REGULATORY_CONTEXT,CURATED_REGULATORY_RELEVANCE
component-regulatory:failure-isolation-dora-art11,component-type:failure-isolation,MAPS_COMPONENT_TYPE,CURATED_REGULATORY_RELEVANCE
component-regulatory:failure-isolation-dora-art11,regulation:dora,REGULATORY_CONTEXT,CURATED_REGULATORY_RELEVANCE
component-regulatory:failure-isolation-nis2,component-type:failure-isolation,MAPS_COMPONENT_TYPE,CURATED_REGULATORY_RELEVANCE
component-regulatory:failure-isolation-nis2,regulation:nis2,REGULATORY_CONTEXT,CURATED_REGULATORY_RELEVANCE
component-regulatory:workload-execution-orchestration-dora,component-type:workload-execution-orchestration,MAPS_COMPONENT_TYPE,CURATED_REGULATORY_RELEVANCE
component-regulatory:workload-execution-orchestration-dora,regulation:dora,REGULATORY_CONTEXT,CURATED_REGULATORY_RELEVANCE
component-regulatory:workload-execution-orchestration-nist-800-53,component-type:workload-execution-orchestration,MAPS_COMPONENT_TYPE,CURATED_REGULATORY_RELEVANCE
component-regulatory:workload-execution-orchestration-nist-800-53,regulation:nist-800-53,REGULATORY_CONTEXT,CURATED_REGULATORY_RELEVANCE
component-regulatory:workload-execution-orchestration-bcbs-239,component-type:workload-execution-orchestration,MAPS_COMPONENT_TYPE,CURATED_REGULATORY_RELEVANCE
component-regulatory:workload-execution-orchestration-bcbs-239,regulation:bcbs-239,REGULATORY_CONTEXT,CURATED_REGULATORY_RELEVANCE
component-regulatory:data-product-definition-gdpr,component-type:data-product-definition,MAPS_COMPONENT_TYPE,CURATED_REGULATORY_RELEVANCE
component-regulatory:data-product-definition-gdpr,regulation:gdpr,REGULATORY_CONTEXT,CURATED_REGULATORY_RELEVANCE
component-regulatory:data-contract-definition-gdpr,component-type:data-contract-definition,MAPS_COMPONENT_TYPE,CURATED_REGULATORY_RELEVANCE
component-regulatory:data-contract-definition-gdpr,regulation:gdpr,REGULATORY_CONTEXT,CURATED_REGULATORY_RELEVANCE
component-regulatory:semantic-description-iso-11179,component-type:semantic-description,MAPS_COMPONENT_TYPE,CURATED_REGULATORY_RELEVANCE
component-regulatory:semantic-description-iso-11179,regulation:iso-11179,REGULATORY_CONTEXT,CURATED_REGULATORY_RELEVANCE
product:retail-stock-data-product,personal-data-posture:no-pii,HAS_PERSONAL_DATA_POSTURE,CURATED_PRODUCT_EXAMPLE
product:retail-stock-data-product,industry-vertical:retail,IN_INDUSTRY_VERTICAL,CURATED_PRODUCT_EXAMPLE
product:banking-customer-data-product,personal-data-posture:pii,HAS_PERSONAL_DATA_POSTURE,CURATED_PRODUCT_EXAMPLE
product:banking-customer-data-product,industry-vertical:banking,IN_INDUSTRY_VERTICAL,CURATED_PRODUCT_EXAMPLE
product:health-customer-data-product,personal-data-posture:pii,HAS_PERSONAL_DATA_POSTURE,CURATED_PRODUCT_EXAMPLE
product:health-customer-data-product,industry-vertical:health,IN_INDUSTRY_VERTICAL,CURATED_PRODUCT_EXAMPLE
product:insurance-policy-data-product,personal-data-posture:pii,HAS_PERSONAL_DATA_POSTURE,CURATED_PRODUCT_EXAMPLE
product:insurance-policy-data-product,industry-vertical:insurance,IN_INDUSTRY_VERTICAL,CURATED_PRODUCT_EXAMPLE
product:insurance-claims-data-product,personal-data-posture:pii,HAS_PERSONAL_DATA_POSTURE,CURATED_PRODUCT_EXAMPLE
product:insurance-claims-data-product,industry-vertical:insurance,IN_INDUSTRY_VERTICAL,CURATED_PRODUCT_EXAMPLE
product:capital-markets-trade-data-product,personal-data-posture:no-pii,HAS_PERSONAL_DATA_POSTURE,CURATED_PRODUCT_EXAMPLE
product:capital-markets-trade-data-product,industry-vertical:banking,IN_INDUSTRY_VERTICAL,CURATED_PRODUCT_EXAMPLE
product:wealth-client-portfolio-data-product,personal-data-posture:pii,HAS_PERSONAL_DATA_POSTURE,CURATED_PRODUCT_EXAMPLE
product:wealth-client-portfolio-data-product,industry-vertical:banking,IN_INDUSTRY_VERTICAL,CURATED_PRODUCT_EXAMPLE
product:retail-customer-loyalty-data-product,personal-data-posture:pii,HAS_PERSONAL_DATA_POSTURE,CURATED_PRODUCT_EXAMPLE
product:retail-customer-loyalty-data-product,industry-vertical:retail,IN_INDUSTRY_VERTICAL,CURATED_PRODUCT_EXAMPLE
product:hospital-admissions-data-product,personal-data-posture:pii,HAS_PERSONAL_DATA_POSTURE,CURATED_PRODUCT_EXAMPLE
product:hospital-admissions-data-product,industry-vertical:health,IN_INDUSTRY_VERTICAL,CURATED_PRODUCT_EXAMPLE
product:care-home-resident-data-product,personal-data-posture:pii,HAS_PERSONAL_DATA_POSTURE,CURATED_PRODUCT_EXAMPLE
product:care-home-resident-data-product,industry-vertical:health,IN_INDUSTRY_VERTICAL,CURATED_PRODUCT_EXAMPLE
product-standard:retail-stock-odps,product:retail-stock-data-product,FOR_DATA_PRODUCT,CURATED_PRODUCT_STANDARD_RELEVANCE
product-standard:retail-stock-odps,standard:odps,CONSIDERS_STANDARD,CURATED_PRODUCT_STANDARD_RELEVANCE
product-standard:retail-stock-odcs,product:retail-stock-data-product,FOR_DATA_PRODUCT,CURATED_PRODUCT_STANDARD_RELEVANCE
product-standard:retail-stock-odcs,standard:odcs,CONSIDERS_STANDARD,CURATED_PRODUCT_STANDARD_RELEVANCE
product-standard:retail-stock-dbt,product:retail-stock-data-product,FOR_DATA_PRODUCT,CURATED_PRODUCT_STANDARD_RELEVANCE
product-standard:retail-stock-dbt,standard:dbt,CONSIDERS_STANDARD,CURATED_PRODUCT_STANDARD_RELEVANCE
product-standard:retail-stock-openlineage,product:retail-stock-data-product,FOR_DATA_PRODUCT,CURATED_PRODUCT_STANDARD_RELEVANCE
product-standard:retail-stock-openlineage,standard:openlineage,CONSIDERS_STANDARD,CURATED_PRODUCT_STANDARD_RELEVANCE
product-standard:retail-stock-openlineage,mapping-relation:no-coverage,HAS_MAPPING_RELATION,CURATED_PRODUCT_STANDARD_RELEVANCE
product-standard:retail-stock-iceberg,product:retail-stock-data-product,FOR_DATA_PRODUCT,CURATED_PRODUCT_STANDARD_RELEVANCE
product-standard:retail-stock-iceberg,standard:iceberg,CONSIDERS_STANDARD,CURATED_PRODUCT_STANDARD_RELEVANCE
product-standard:retail-stock-iceberg,mapping-relation:no-coverage,HAS_MAPPING_RELATION,CURATED_PRODUCT_STANDARD_RELEVANCE
product-standard:banking-customer-odps,product:banking-customer-data-product,FOR_DATA_PRODUCT,CURATED_PRODUCT_STANDARD_RELEVANCE
product-standard:banking-customer-odps,standard:odps,CONSIDERS_STANDARD,CURATED_PRODUCT_STANDARD_RELEVANCE
product-standard:banking-customer-odcs,product:banking-customer-data-product,FOR_DATA_PRODUCT,CURATED_PRODUCT_STANDARD_RELEVANCE
product-standard:banking-customer-odcs,standard:odcs,CONSIDERS_STANDARD,CURATED_PRODUCT_STANDARD_RELEVANCE
product-standard:banking-customer-openlineage,product:banking-customer-data-product,FOR_DATA_PRODUCT,CURATED_PRODUCT_STANDARD_RELEVANCE
product-standard:banking-customer-openlineage,standard:openlineage,CONSIDERS_STANDARD,CURATED_PRODUCT_STANDARD_RELEVANCE
product-standard:health-customer-odps,product:health-customer-data-product,FOR_DATA_PRODUCT,CURATED_PRODUCT_STANDARD_RELEVANCE
product-standard:health-customer-odps,standard:odps,CONSIDERS_STANDARD,CURATED_PRODUCT_STANDARD_RELEVANCE
product-standard:health-customer-odcs,product:health-customer-data-product,FOR_DATA_PRODUCT,CURATED_PRODUCT_STANDARD_RELEVANCE
product-standard:health-customer-odcs,standard:odcs,CONSIDERS_STANDARD,CURATED_PRODUCT_STANDARD_RELEVANCE
product-standard:insurance-policy-odps,product:insurance-policy-data-product,FOR_DATA_PRODUCT,CURATED_PRODUCT_STANDARD_RELEVANCE
product-standard:insurance-policy-odps,standard:odps,CONSIDERS_STANDARD,CURATED_PRODUCT_STANDARD_RELEVANCE
product-standard:insurance-policy-odcs,product:insurance-policy-data-product,FOR_DATA_PRODUCT,CURATED_PRODUCT_STANDARD_RELEVANCE
product-standard:insurance-policy-odcs,standard:odcs,CONSIDERS_STANDARD,CURATED_PRODUCT_STANDARD_RELEVANCE
product-standard:insurance-claims-odps,product:insurance-claims-data-product,FOR_DATA_PRODUCT,CURATED_PRODUCT_STANDARD_RELEVANCE
product-standard:insurance-claims-odps,standard:odps,CONSIDERS_STANDARD,CURATED_PRODUCT_STANDARD_RELEVANCE
product-standard:insurance-claims-odcs,product:insurance-claims-data-product,FOR_DATA_PRODUCT,CURATED_PRODUCT_STANDARD_RELEVANCE
product-standard:insurance-claims-odcs,standard:odcs,CONSIDERS_STANDARD,CURATED_PRODUCT_STANDARD_RELEVANCE
product-standard:capital-markets-trade-odps,product:capital-markets-trade-data-product,FOR_DATA_PRODUCT,CURATED_PRODUCT_STANDARD_RELEVANCE
product-standard:capital-markets-trade-odps,standard:odps,CONSIDERS_STANDARD,CURATED_PRODUCT_STANDARD_RELEVANCE
product-standard:capital-markets-trade-odcs,product:capital-markets-trade-data-product,FOR_DATA_PRODUCT,CURATED_PRODUCT_STANDARD_RELEVANCE
product-standard:capital-markets-trade-odcs,standard:odcs,CONSIDERS_STANDARD,CURATED_PRODUCT_STANDARD_RELEVANCE
product-standard:capital-markets-trade-iceberg,product:capital-markets-trade-data-product,FOR_DATA_PRODUCT,CURATED_PRODUCT_STANDARD_RELEVANCE
product-standard:capital-markets-trade-iceberg,standard:iceberg,CONSIDERS_STANDARD,CURATED_PRODUCT_STANDARD_RELEVANCE
product-standard:capital-markets-trade-openlineage,product:capital-markets-trade-data-product,FOR_DATA_PRODUCT,CURATED_PRODUCT_STANDARD_RELEVANCE
product-standard:capital-markets-trade-openlineage,standard:openlineage,CONSIDERS_STANDARD,CURATED_PRODUCT_STANDARD_RELEVANCE
product-standard:wealth-client-portfolio-odps,product:wealth-client-portfolio-data-product,FOR_DATA_PRODUCT,CURATED_PRODUCT_STANDARD_RELEVANCE
product-standard:wealth-client-portfolio-odps,standard:odps,CONSIDERS_STANDARD,CURATED_PRODUCT_STANDARD_RELEVANCE
product-standard:wealth-client-portfolio-odcs,product:wealth-client-portfolio-data-product,FOR_DATA_PRODUCT,CURATED_PRODUCT_STANDARD_RELEVANCE
product-standard:wealth-client-portfolio-odcs,standard:odcs,CONSIDERS_STANDARD,CURATED_PRODUCT_STANDARD_RELEVANCE
product-standard:retail-customer-loyalty-odps,product:retail-customer-loyalty-data-product,FOR_DATA_PRODUCT,CURATED_PRODUCT_STANDARD_RELEVANCE
product-standard:retail-customer-loyalty-odps,standard:odps,CONSIDERS_STANDARD,CURATED_PRODUCT_STANDARD_RELEVANCE
product-standard:retail-customer-loyalty-odcs,product:retail-customer-loyalty-data-product,FOR_DATA_PRODUCT,CURATED_PRODUCT_STANDARD_RELEVANCE
product-standard:retail-customer-loyalty-odcs,standard:odcs,CONSIDERS_STANDARD,CURATED_PRODUCT_STANDARD_RELEVANCE
product-standard:hospital-admissions-odps,product:hospital-admissions-data-product,FOR_DATA_PRODUCT,CURATED_PRODUCT_STANDARD_RELEVANCE
product-standard:hospital-admissions-odps,standard:odps,CONSIDERS_STANDARD,CURATED_PRODUCT_STANDARD_RELEVANCE
product-standard:hospital-admissions-odcs,product:hospital-admissions-data-product,FOR_DATA_PRODUCT,CURATED_PRODUCT_STANDARD_RELEVANCE
product-standard:hospital-admissions-odcs,standard:odcs,CONSIDERS_STANDARD,CURATED_PRODUCT_STANDARD_RELEVANCE
product-standard:care-home-resident-odps,product:care-home-resident-data-product,FOR_DATA_PRODUCT,CURATED_PRODUCT_STANDARD_RELEVANCE
product-standard:care-home-resident-odps,standard:odps,CONSIDERS_STANDARD,CURATED_PRODUCT_STANDARD_RELEVANCE
product-standard:care-home-resident-odcs,product:care-home-resident-data-product,FOR_DATA_PRODUCT,CURATED_PRODUCT_STANDARD_RELEVANCE
product-standard:care-home-resident-odcs,standard:odcs,CONSIDERS_STANDARD,CURATED_PRODUCT_STANDARD_RELEVANCE
product-regulatory:banking-customer-gdpr,product:banking-customer-data-product,FOR_DATA_PRODUCT,CURATED_PRODUCT_REGULATORY_RELEVANCE
product-regulatory:banking-customer-gdpr,regulation:gdpr,CONSIDERS_REGULATION,CURATED_PRODUCT_REGULATORY_RELEVANCE
product-regulatory:banking-customer-dora,product:banking-customer-data-product,FOR_DATA_PRODUCT,CURATED_PRODUCT_REGULATORY_RELEVANCE
product-regulatory:banking-customer-dora,regulation:dora,CONSIDERS_REGULATION,CURATED_PRODUCT_REGULATORY_RELEVANCE
product-regulatory:health-customer-hipaa,product:health-customer-data-product,FOR_DATA_PRODUCT,CURATED_PRODUCT_REGULATORY_RELEVANCE
product-regulatory:health-customer-hipaa,regulation:hipaa,CONSIDERS_REGULATION,CURATED_PRODUCT_REGULATORY_RELEVANCE
product-regulatory:insurance-policy-gdpr,product:insurance-policy-data-product,FOR_DATA_PRODUCT,CURATED_PRODUCT_REGULATORY_RELEVANCE
product-regulatory:insurance-policy-gdpr,regulation:gdpr,CONSIDERS_REGULATION,CURATED_PRODUCT_REGULATORY_RELEVANCE
product-regulatory:insurance-claims-gdpr,product:insurance-claims-data-product,FOR_DATA_PRODUCT,CURATED_PRODUCT_REGULATORY_RELEVANCE
product-regulatory:insurance-claims-gdpr,regulation:gdpr,CONSIDERS_REGULATION,CURATED_PRODUCT_REGULATORY_RELEVANCE
product-regulatory:insurance-claims-iso-27001,product:insurance-claims-data-product,FOR_DATA_PRODUCT,CURATED_PRODUCT_REGULATORY_RELEVANCE
product-regulatory:insurance-claims-iso-27001,regulation:iso-27001,CONSIDERS_REGULATION,CURATED_PRODUCT_REGULATORY_RELEVANCE
product-regulatory:capital-markets-trade-bcbs-239,product:capital-markets-trade-data-product,FOR_DATA_PRODUCT,CURATED_PRODUCT_REGULATORY_RELEVANCE
product-regulatory:capital-markets-trade-bcbs-239,regulation:bcbs-239,CONSIDERS_REGULATION,CURATED_PRODUCT_REGULATORY_RELEVANCE
product-regulatory:capital-markets-trade-dora,product:capital-markets-trade-data-product,FOR_DATA_PRODUCT,CURATED_PRODUCT_REGULATORY_RELEVANCE
product-regulatory:capital-markets-trade-dora,regulation:dora,CONSIDERS_REGULATION,CURATED_PRODUCT_REGULATORY_RELEVANCE
product-regulatory:wealth-client-portfolio-gdpr,product:wealth-client-portfolio-data-product,FOR_DATA_PRODUCT,CURATED_PRODUCT_REGULATORY_RELEVANCE
product-regulatory:wealth-client-portfolio-gdpr,regulation:gdpr,CONSIDERS_REGULATION,CURATED_PRODUCT_REGULATORY_RELEVANCE
product-regulatory:wealth-client-portfolio-dora,product:wealth-client-portfolio-data-product,FOR_DATA_PRODUCT,CURATED_PRODUCT_REGULATORY_RELEVANCE
product-regulatory:wealth-client-portfolio-dora,regulation:dora,CONSIDERS_REGULATION,CURATED_PRODUCT_REGULATORY_RELEVANCE
product-regulatory:wealth-client-portfolio-bcbs-239,product:wealth-client-portfolio-data-product,FOR_DATA_PRODUCT,CURATED_PRODUCT_REGULATORY_RELEVANCE
product-regulatory:wealth-client-portfolio-bcbs-239,regulation:bcbs-239,CONSIDERS_REGULATION,CURATED_PRODUCT_REGULATORY_RELEVANCE
product-regulatory:retail-customer-loyalty-gdpr,product:retail-customer-loyalty-data-product,FOR_DATA_PRODUCT,CURATED_PRODUCT_REGULATORY_RELEVANCE
product-regulatory:retail-customer-loyalty-gdpr,regulation:gdpr,CONSIDERS_REGULATION,CURATED_PRODUCT_REGULATORY_RELEVANCE
product-regulatory:retail-customer-loyalty-ccpa-cpra,product:retail-customer-loyalty-data-product,FOR_DATA_PRODUCT,CURATED_PRODUCT_REGULATORY_RELEVANCE
product-regulatory:retail-customer-loyalty-ccpa-cpra,regulation:ccpa-cpra,CONSIDERS_REGULATION,CURATED_PRODUCT_REGULATORY_RELEVANCE
product-regulatory:hospital-admissions-hipaa,product:hospital-admissions-data-product,FOR_DATA_PRODUCT,CURATED_PRODUCT_REGULATORY_RELEVANCE
product-regulatory:hospital-admissions-hipaa,regulation:hipaa,CONSIDERS_REGULATION,CURATED_PRODUCT_REGULATORY_RELEVANCE
product-regulatory:care-home-resident-gdpr,product:care-home-resident-data-product,FOR_DATA_PRODUCT,CURATED_PRODUCT_REGULATORY_RELEVANCE
product-regulatory:care-home-resident-gdpr,regulation:gdpr,CONSIDERS_REGULATION,CURATED_PRODUCT_REGULATORY_RELEVANCE
product:public-sector-reference-codes-data-product,personal-data-posture:no-pii,HAS_PERSONAL_DATA_POSTURE,CURATED_PRODUCT_EXAMPLE
product:public-sector-reference-codes-data-product,industry-vertical:public-sector,IN_INDUSTRY_VERTICAL,CURATED_PRODUCT_EXAMPLE
product:telecoms-subscriber-data-product,personal-data-posture:pii,HAS_PERSONAL_DATA_POSTURE,CURATED_PRODUCT_EXAMPLE
product:telecoms-subscriber-data-product,industry-vertical:telecoms,IN_INDUSTRY_VERTICAL,CURATED_PRODUCT_EXAMPLE
product-standard:public-sector-reference-codes-odps,product:public-sector-reference-codes-data-product,FOR_DATA_PRODUCT,CURATED_PRODUCT_STANDARD_RELEVANCE
product-standard:public-sector-reference-codes-odps,standard:odps,CONSIDERS_STANDARD,CURATED_PRODUCT_STANDARD_RELEVANCE
product-standard:public-sector-reference-codes-odcs,product:public-sector-reference-codes-data-product,FOR_DATA_PRODUCT,CURATED_PRODUCT_STANDARD_RELEVANCE
product-standard:public-sector-reference-codes-odcs,standard:odcs,CONSIDERS_STANDARD,CURATED_PRODUCT_STANDARD_RELEVANCE
product-standard:public-sector-reference-codes-json-schema,product:public-sector-reference-codes-data-product,FOR_DATA_PRODUCT,CURATED_PRODUCT_STANDARD_RELEVANCE
product-standard:public-sector-reference-codes-json-schema,standard:json-schema,CONSIDERS_STANDARD,CURATED_PRODUCT_STANDARD_RELEVANCE
product-standard:public-sector-reference-codes-dcat,product:public-sector-reference-codes-data-product,FOR_DATA_PRODUCT,CURATED_PRODUCT_STANDARD_RELEVANCE
product-standard:public-sector-reference-codes-dcat,standard:dcat,CONSIDERS_STANDARD,CURATED_PRODUCT_STANDARD_RELEVANCE
product-standard:telecoms-subscriber-odps,product:telecoms-subscriber-data-product,FOR_DATA_PRODUCT,CURATED_PRODUCT_STANDARD_RELEVANCE
product-standard:telecoms-subscriber-odps,standard:odps,CONSIDERS_STANDARD,CURATED_PRODUCT_STANDARD_RELEVANCE
product-standard:telecoms-subscriber-odcs,product:telecoms-subscriber-data-product,FOR_DATA_PRODUCT,CURATED_PRODUCT_STANDARD_RELEVANCE
product-standard:telecoms-subscriber-odcs,standard:odcs,CONSIDERS_STANDARD,CURATED_PRODUCT_STANDARD_RELEVANCE
product-regulatory:public-sector-reference-codes-iso-11179,product:public-sector-reference-codes-data-product,FOR_DATA_PRODUCT,CURATED_PRODUCT_REGULATORY_RELEVANCE
product-regulatory:public-sector-reference-codes-iso-11179,regulation:iso-11179,CONSIDERS_REGULATION,CURATED_PRODUCT_REGULATORY_RELEVANCE
product-regulatory:telecoms-subscriber-gdpr,product:telecoms-subscriber-data-product,FOR_DATA_PRODUCT,CURATED_PRODUCT_REGULATORY_RELEVANCE
product-regulatory:telecoms-subscriber-gdpr,regulation:gdpr,CONSIDERS_REGULATION,CURATED_PRODUCT_REGULATORY_RELEVANCE
product-regulatory:telecoms-subscriber-nis2,product:telecoms-subscriber-data-product,FOR_DATA_PRODUCT,CURATED_PRODUCT_REGULATORY_RELEVANCE
product-regulatory:telecoms-subscriber-nis2,regulation:nis2,CONSIDERS_REGULATION,CURATED_PRODUCT_REGULATORY_RELEVANCE
component-mapping:source-connectivity-kafka,component-type:source-connectivity,MAPS_COMPONENT_TYPE,CURATED_DESIGN_MAPPING
component-mapping:source-connectivity-kafka,standard:kafka,IMPLEMENTATION_OPTION,CURATED_DESIGN_MAPPING
component-mapping:workload-execution-orchestration-spark,component-type:workload-execution-orchestration,MAPS_COMPONENT_TYPE,CURATED_DESIGN_MAPPING
component-mapping:workload-execution-orchestration-spark,standard:spark,IMPLEMENTATION_OPTION,CURATED_DESIGN_MAPPING
component-mapping:store-write-data-product-parquet,component-type:store-write-data-product,MAPS_COMPONENT_TYPE,CURATED_DESIGN_MAPPING
component-mapping:store-write-data-product-parquet,standard:parquet,IMPLEMENTATION_OPTION,CURATED_DESIGN_MAPPING
component-mapping:data-contract-definition-json-schema,component-type:data-contract-definition,MAPS_COMPONENT_TYPE,CURATED_DESIGN_MAPPING
component-mapping:data-contract-definition-json-schema,standard:json-schema,IMPLEMENTATION_OPTION,CURATED_DESIGN_MAPPING
component-mapping:data-contract-definition-openapi,component-type:data-contract-definition,MAPS_COMPONENT_TYPE,CURATED_DESIGN_MAPPING
component-mapping:data-contract-definition-openapi,standard:openapi,IMPLEMENTATION_OPTION,CURATED_DESIGN_MAPPING
component-mapping:data-contract-definition-avro,component-type:data-contract-definition,MAPS_COMPONENT_TYPE,CURATED_DESIGN_MAPPING
component-mapping:data-contract-definition-avro,standard:avro,IMPLEMENTATION_OPTION,CURATED_DESIGN_MAPPING
component-regulatory:trigger-invocation-nist-800-53,component-type:trigger-invocation,MAPS_COMPONENT_TYPE,CURATED_REGULATORY_RELEVANCE
component-regulatory:trigger-invocation-nist-800-53,regulation:nist-800-53,REGULATORY_CONTEXT,CURATED_REGULATORY_RELEVANCE
component-regulatory:workload-planning-dora,component-type:workload-planning,MAPS_COMPONENT_TYPE,CURATED_REGULATORY_RELEVANCE
component-regulatory:workload-planning-dora,regulation:dora,REGULATORY_CONTEXT,CURATED_REGULATORY_RELEVANCE
component-regulatory:store-write-data-product-bcbs-239,component-type:store-write-data-product,MAPS_COMPONENT_TYPE,CURATED_REGULATORY_RELEVANCE
component-regulatory:store-write-data-product-bcbs-239,regulation:bcbs-239,REGULATORY_CONTEXT,CURATED_REGULATORY_RELEVANCE
component-regulatory:lineage-emission-bcbs-239,component-type:lineage-emission,MAPS_COMPONENT_TYPE,CURATED_REGULATORY_RELEVANCE
component-regulatory:lineage-emission-bcbs-239,regulation:bcbs-239,REGULATORY_CONTEXT,CURATED_REGULATORY_RELEVANCE
component-regulatory:secure-read-access-iso-27001,component-type:secure-read-access,MAPS_COMPONENT_TYPE,CURATED_REGULATORY_RELEVANCE
component-regulatory:secure-read-access-iso-27001,regulation:iso-27001,REGULATORY_CONTEXT,CURATED_REGULATORY_RELEVANCE
product:retail-stock-data-product,jurisdiction:global,HAS_DESIGN_JURISDICTION,CURATED_PRODUCT_EXAMPLE
product:banking-customer-data-product,jurisdiction:uk,HAS_DESIGN_JURISDICTION,CURATED_PRODUCT_EXAMPLE
product:banking-customer-data-product,jurisdiction:eu,HAS_DESIGN_JURISDICTION,CURATED_PRODUCT_EXAMPLE
product:health-customer-data-product,jurisdiction:us,HAS_DESIGN_JURISDICTION,CURATED_PRODUCT_EXAMPLE
product:insurance-policy-data-product,jurisdiction:eu,HAS_DESIGN_JURISDICTION,CURATED_PRODUCT_EXAMPLE
product:insurance-policy-data-product,jurisdiction:uk,HAS_DESIGN_JURISDICTION,CURATED_PRODUCT_EXAMPLE
product:insurance-claims-data-product,jurisdiction:eu,HAS_DESIGN_JURISDICTION,CURATED_PRODUCT_EXAMPLE
product:insurance-claims-data-product,jurisdiction:uk,HAS_DESIGN_JURISDICTION,CURATED_PRODUCT_EXAMPLE
product:capital-markets-trade-data-product,jurisdiction:eu,HAS_DESIGN_JURISDICTION,CURATED_PRODUCT_EXAMPLE
product:capital-markets-trade-data-product,jurisdiction:global,HAS_DESIGN_JURISDICTION,CURATED_PRODUCT_EXAMPLE
product:wealth-client-portfolio-data-product,jurisdiction:uk,HAS_DESIGN_JURISDICTION,CURATED_PRODUCT_EXAMPLE
product:wealth-client-portfolio-data-product,jurisdiction:eu,HAS_DESIGN_JURISDICTION,CURATED_PRODUCT_EXAMPLE
product:retail-customer-loyalty-data-product,jurisdiction:us,HAS_DESIGN_JURISDICTION,CURATED_PRODUCT_EXAMPLE
product:retail-customer-loyalty-data-product,jurisdiction:eu,HAS_DESIGN_JURISDICTION,CURATED_PRODUCT_EXAMPLE
product:hospital-admissions-data-product,jurisdiction:us,HAS_DESIGN_JURISDICTION,CURATED_PRODUCT_EXAMPLE
product:care-home-resident-data-product,jurisdiction:uk,HAS_DESIGN_JURISDICTION,CURATED_PRODUCT_EXAMPLE
product:care-home-resident-data-product,jurisdiction:eu,HAS_DESIGN_JURISDICTION,CURATED_PRODUCT_EXAMPLE
product:public-sector-reference-codes-data-product,jurisdiction:uk,HAS_DESIGN_JURISDICTION,CURATED_PRODUCT_EXAMPLE
product:public-sector-reference-codes-data-product,jurisdiction:eu,HAS_DESIGN_JURISDICTION,CURATED_PRODUCT_EXAMPLE
product:telecoms-subscriber-data-product,jurisdiction:eu,HAS_DESIGN_JURISDICTION,CURATED_PRODUCT_EXAMPLE
product-standard:public-sector-reference-codes-odpspec,product:public-sector-reference-codes-data-product,FOR_DATA_PRODUCT,CURATED_PRODUCT_STANDARD_RELEVANCE
product-standard:public-sector-reference-codes-odpspec,standard:odpspec,CONSIDERS_STANDARD,CURATED_PRODUCT_STANDARD_RELEVANCE
